,TVT
1,0.819999999999709
2,0.8299999999999272
3,0.8299999999999272
4,0.8299999999999272
5,0.8299999999999272
6,0.819999999999709
7,0.8299999999999272
8,0.8300000000017462
9,0.8299999999999272
10,0.8299999999981083
11,0.8400000000019645
12,0.8399999999983265
13,0.8299999999999272
14,0.8400000000001455
15,0.8400000000001455
16,0.8299999999999272
17,0.8400000000001455
18,0.8400000000001455
19,0.8299999999999272
20,0.8500000000003638
21,0.8400000000001455
22,0.8399999999983265
23,0.8500000000003638
24,0.8400000000001455
25,0.8500000000003638
26,0.8400000000001455
27,0.8400000000001455
28,0.8500000000003638
29,0.8400000000001455
30,0.8499999999985448
31,0.8500000000021828
32,0.8599999999987631
33,0.8500000000003638
34,0.8499999999985448
35,0.8500000000003638
36,0.8500000000003638
37,0.8500000000003638
38,0.8500000000003638
39,0.8599999999987631
40,0.8500000000021828
41,0.8599999999987631
42,0.8599999999987631
43,0.8600000000024011
44,0.8599999999987631
45,0.8600000000005821
46,0.8599999999987631
47,0.8500000000003638
48,0.8600000000005821
49,0.8599999999987631
50,0.8700000000008004
51,0.8600000000005821
52,0.8700000000008004
53,0.8699999999989814
54,0.8599999999987631
55,0.8700000000008004
56,0.8600000000005821
57,0.8699999999989814
58,0.8700000000008004
59,0.8599999999987631
60,0.8800000000010186
61,0.8699999999989814
62,0.8700000000008004
63,0.8799999999991996
64,0.8700000000008004
65,0.8700000000008004
66,0.8799999999991996
67,0.8700000000008004
68,0.8700000000008004
69,0.8799999999991996
70,0.8799999999991996
71,0.8799999999991996
72,0.8800000000010186
73,0.8799999999991996
74,0.8800000000010186
75,0.8799999999991996
76,0.8800000000010186
77,0.8799999999991996
78,0.8800000000010186
79,0.8799999999991996
80,0.8899999999994179
81,0.8900000000012369
82,0.8899999999994179
83,0.8899999999994179
84,0.8800000000010186
85,0.8899999999994179
86,0.8899999999994179
87,0.8900000000012369
88,0.8899999999994179
89,0.8799999999991996
90,0.9000000000014552
91,0.8899999999994179
92,0.9000000000014552
93,0.8999999999978172
94,0.8900000000012369
95,0.8999999999996362
96,0.8900000000012369
97,0.8999999999978172
98,0.8900000000012369
99,0.8999999999996362
100,0.8999999999996362
101,0.8999999999996362
102,0.9099999999998545
103,0.9000000000014552
104,0.8999999999996362
105,0.8999999999996362
106,0.9099999999998545
107,0.8999999999996362
108,0.8999999999996362
109,0.9000000000014552
110,0.9099999999998545
111,0.9099999999998545
112,0.9099999999998545
113,0.9099999999998545
114,0.9099999999998545
115,0.8999999999996362
116,0.9099999999998545
117,0.9099999999998545
118,0.9099999999998545
119,0.9100000000016735
120,0.9099999999998545
121,0.9099999999998545
122,0.9200000000000728
123,0.9099999999998545
124,0.9099999999998545
125,0.9200000000000728
126,0.9099999999998545
127,0.9200000000000728
128,0.9099999999998545
129,0.9099999999998545
130,0.9200000000000728
131,0.9200000000000728
132,0.9200000000000728
133,0.9200000000000728
134,0.9200000000000728
135,0.9200000000000728
136,0.9099999999998545
137,0.9200000000000728
138,0.9200000000000728
139,0.9200000000000728
140,0.9200000000000728
141,0.930000000000291
142,0.9199999999982538
143,0.930000000000291
144,0.9200000000000728
145,0.9200000000000728
146,0.930000000000291
147,0.9200000000000728
148,0.930000000000291
149,0.9200000000000728
150,0.930000000000291
151,0.930000000000291
152,0.929999999998472
153,0.930000000000291
154,0.930000000000291
155,0.930000000000291
156,0.9200000000000728
157,0.930000000000291
158,0.930000000000291
159,0.929999999998472
160,0.9400000000005093
161,0.930000000000291
162,0.930000000000291
163,0.9399999999986903
164,0.930000000000291
165,0.9400000000005093
166,0.930000000000291
167,0.9400000000005093
168,0.929999999998472
169,0.9400000000023283
170,0.929999999998472
171,0.9400000000005093
172,0.9399999999986903
173,0.9400000000023283
174,0.9399999999986903
175,0.9400000000005093
176,0.9399999999986903
177,0.9400000000005093
178,0.9400000000005093
179,0.9399999999986903
180,0.9500000000007276
181,0.9400000000005093
182,0.9499999999989086
183,0.9400000000023283
184,0.9399999999986903
185,0.9499999999989086
186,0.9400000000023283
187,0.9499999999989086
188,0.9399999999986903
189,0.9500000000007276
190,0.9500000000007276
191,0.9499999999989086
192,0.9500000000007276
193,0.9499999999989086
194,0.9500000000007276
195,0.9500000000007276
196,0.9499999999989086
197,0.9500000000007276
198,0.9499999999989086
199,0.9500000000007276
200,0.9400000000005093
201,0.9499999999989086
202,0.9500000000007276
203,0.9400000000005093
204,0.9499999999989086
205,0.9400000000005093
206,0.9500000000007276
207,0.9499999999989086
208,0.9400000000005093
209,0.9500000000007276
210,0.929999999998472
211,0.9200000000000728
212,0.930000000000291
213,0.930000000000291
214,0.930000000000291
215,0.930000000000291
216,0.930000000000291
217,0.929999999998472
218,0.9200000000000728
219,0.930000000000291
220,0.9200000000018917
221,0.929999999998472
222,0.9200000000000728
223,0.9200000000000728
224,0.9200000000000728
225,0.9200000000000728
226,0.9200000000000728
227,0.9200000000000728
228,0.930000000000291
229,0.9200000000000728
230,1.0599999999994907
231,1.0600000000013097
232,1.0599999999976717
233,1.070000000001528
234,1.0599999999994907
235,1.0600000000013097
236,1.0599999999976717
237,1.0600000000013097
238,1.069999999999709
239,1.0600000000013097
240,1.06999999999789
241,1.069999999999709
242,1.0799999999999272
243,1.070000000001528
244,1.0799999999999272
245,1.069999999999709
246,1.069999999999709
247,1.0799999999999272
248,1.069999999999709
249,1.069999999999709
250,1.0900000000001455
251,1.0799999999999272
252,1.0900000000001455
253,1.0799999999999272
254,1.0900000000001455
255,1.0799999999999272
256,1.0900000000019645
257,1.0799999999981083
258,1.0900000000019645
259,1.0799999999999272
260,1.0999999999985448
261,1.1000000000003638
262,1.0900000000001455
263,1.0999999999985448
264,1.1000000000003638
265,1.0900000000001455
266,1.1000000000003638
267,1.1000000000003638
268,1.0900000000001455
269,1.1000000000003638
270,1.109999999998763
271,1.1000000000003638
272,1.110000000000582
273,1.109999999998763
274,1.110000000000582
275,1.1000000000003638
276,1.110000000000582
277,1.109999999998763
278,1.110000000000582
279,1.1000000000003638
280,1.1199999999989814
281,1.1200000000008004
282,1.1199999999989814
283,1.1200000000008004
284,1.1199999999989814
285,1.1200000000008004
286,1.1200000000008004
287,1.109999999998763
288,1.1200000000008004
289,1.1199999999989814
290,1.1300000000010186
291,1.1299999999991996
292,1.1300000000010186
293,1.1300000000010186
294,1.1299999999991996
295,1.1200000000008004
296,1.1299999999991996
297,1.1299999999991996
298,1.1299999999991996
299,1.1300000000010186
300,1.139999999999418
301,1.1300000000010186
302,1.139999999999418
303,1.139999999999418
304,1.1300000000010186
305,1.139999999999418
306,1.1300000000010186
307,1.139999999999418
308,1.140000000001237
309,1.1299999999991996
310,1.1499999999996362
311,1.140000000001237
312,1.139999999997599
313,1.1500000000014552
314,1.139999999999418
315,1.139999999999418
316,1.140000000001237
317,1.1499999999996362
318,1.140000000001237
319,1.139999999997599
320,1.1500000000014552
321,1.1499999999996362
322,1.1499999999996362
323,1.1499999999996362
324,1.1499999999996362
325,1.1500000000014552
326,1.1499999999996362
327,1.1499999999996362
328,1.1499999999996362
329,1.1499999999996362
330,1.1600000000016735
331,1.1499999999996362
332,1.1599999999998545
333,1.1599999999998545
334,1.1499999999996362
335,1.1600000000016735
336,1.1599999999980355
337,1.1499999999996362
338,1.1600000000016735
339,1.1499999999996362
340,1.1700000000000728
341,1.1599999999998545
342,1.1599999999998545
343,1.1700000000000728
344,1.1599999999998545
345,1.1599999999998545
346,1.1700000000000728
347,1.1599999999998545
348,1.1599999999998545
349,1.1600000000016735
350,1.1700000000000728
351,1.1699999999982538
352,1.1700000000000728
353,1.1700000000000728
354,1.1700000000000728
355,1.1700000000000728
356,1.1700000000000728
357,1.1700000000000728
358,1.1700000000000728
359,1.1700000000000728
360,1.1700000000000728
361,1.180000000000291
362,1.179999999998472
363,1.1700000000000728
364,1.180000000000291
365,1.1700000000018917
366,1.179999999998472
367,1.1700000000000728
368,1.180000000000291
369,1.180000000000291
370,1.179999999998472
371,1.180000000000291
372,1.18000000000211
373,1.179999999998472
374,1.1900000000005093
375,1.180000000000291
376,1.179999999998472
377,1.180000000000291
378,1.1900000000005093
379,1.180000000000291
380,1.1900000000005093
381,1.179999999998472
382,1.1900000000005093
383,1.1900000000005093
384,1.1900000000005093
385,1.1899999999986903
386,1.1900000000005093
387,1.180000000000291
388,1.1900000000005093
389,1.1899999999986903
390,1.2000000000007276
391,1.1900000000005093
392,1.2000000000007276
393,1.1899999999986903
394,1.1999999999989086
395,1.1900000000005093
396,1.2000000000007276
397,1.1900000000005093
398,1.2000000000007276
399,1.1899999999986903
400,1.2099999999991269
401,1.2000000000007276
402,1.2000000000007276
403,1.2000000000007276
404,1.2099999999991269
405,1.1999999999989086
406,1.2000000000007276
407,1.1999999999989086
408,1.2000000000007276
409,1.2099999999991269
410,1.2100000000009459
411,1.2099999999991269
412,1.2100000000009459
413,1.2000000000007276
414,1.2099999999991269
415,1.2099999999991269
416,1.2100000000009459
417,1.2099999999991269
418,1.2100000000009459
419,1.2099999999991269
420,1.2200000000011642
421,1.2099999999991269
422,1.2200000000011642
423,1.2199999999993452
424,1.2099999999991269
425,1.2200000000011642
426,1.2099999999991269
427,1.2200000000011642
428,1.2199999999993452
429,1.2099999999991269
430,1.2300000000013824
431,1.2199999999993452
432,1.2199999999993452
433,1.2300000000013824
434,1.2199999999993452
435,1.2199999999993452
436,1.2200000000011642
437,1.2299999999995634
438,1.2199999999993452
439,1.2200000000011642
440,1.2299999999995634
441,1.2299999999995634
442,1.2299999999995634
443,1.2300000000013824
444,1.2299999999995634
445,1.2300000000013824
446,1.2299999999977445
447,1.2300000000013824
448,1.2299999999995634
449,1.2300000000013824
450,1.2399999999979627
451,1.2299999999995634
452,1.2400000000016007
453,1.2399999999997817
454,1.2299999999995634
455,1.2399999999997817
456,1.2299999999995634
457,1.2399999999997817
458,1.2400000000016007
459,1.2299999999995634
460,1.25
461,1.2399999999997817
462,1.2399999999997817
463,1.25
464,1.2400000000016007
465,1.2399999999979627
466,1.2399999999997817
467,1.25
468,1.2400000000016007
469,1.2399999999997817
470,1.25
471,1.25
472,1.25
473,1.25
474,1.25
475,1.25
476,1.25
477,1.2399999999997817
478,1.25
479,1.25
480,1.2600000000002183
481,1.25
482,1.2600000000002183
483,1.2599999999983993
484,1.25
485,1.2600000000002183
486,1.25
487,1.2600000000020373
488,1.2599999999983993
489,1.25
490,1.2700000000004366
491,1.2600000000002183
492,1.2600000000002183
493,1.2699999999986176
494,1.2600000000002183
495,1.2600000000002183
496,1.2700000000004366
497,1.2600000000002183
498,1.2699999999986176
499,1.2600000000002183
500,1.2700000000022555
501,1.2699999999986176
502,1.2800000000006548
503,1.2699999999986176
504,1.2700000000004366
505,1.2700000000004366
506,1.2700000000004366
507,1.2799999999988358
508,1.2700000000004366
509,1.2700000000004366
510,1.2799999999988358
511,1.2800000000006548
512,1.2800000000006548
513,1.2799999999988358
514,1.2800000000006548
515,1.2800000000006548
516,1.2799999999988358
517,1.2800000000006548
518,1.2799999999988358
519,1.2800000000024738
520,1.2899999999990541
521,1.2900000000008731
522,1.2799999999988358
523,1.2899999999990541
524,1.2900000000008731
525,1.2899999999990541
526,1.2800000000006548
527,1.2900000000008731
528,1.2899999999990541
529,1.2900000000008731
530,1.2899999999990541
531,1.2999999999992724
532,1.2900000000008731
533,1.2999999999992724
534,1.2900000000008731
535,1.2999999999992724
536,1.2900000000008731
537,1.2999999999992724
538,1.2900000000008731
539,1.3000000000010914
540,1.2999999999992724
541,1.2999999999992724
542,1.3099999999994907
543,1.3000000000010914
544,1.2999999999992724
545,1.2999999999992724
546,1.3100000000013097
547,1.3000000000010914
548,1.2999999999992724
549,1.2999999999992724
550,1.3099999999994907
551,1.3099999999994907
552,1.3100000000013097
553,1.3099999999994907
554,1.3099999999994907
555,1.3100000000013097
556,1.3099999999994907
557,1.3100000000013097
558,1.3099999999976717
559,1.3100000000013097
560,1.3099999999994907
561,1.320000000001528
562,1.31999999999789
563,1.3100000000013097
564,1.319999999999709
565,1.319999999999709
566,1.3099999999994907
567,1.319999999999709
568,1.320000000001528
569,1.3099999999994907
570,1.3299999999999272
571,1.319999999999709
572,1.320000000001528
573,1.3299999999981083
574,1.319999999999709
575,1.320000000001528
576,1.3299999999999272
577,1.319999999999709
578,1.319999999999709
579,1.3299999999999272
580,1.3299999999999272
581,1.3299999999999272
582,1.3299999999999272
583,1.3299999999999272
584,1.3300000000017462
585,1.3299999999999272
586,1.3299999999981083
587,1.3299999999999272
588,1.3299999999999272
589,1.3299999999999272
590,1.3299999999999272
591,1.3400000000001455
592,1.3400000000001455
593,1.3299999999999272
594,1.3400000000019645
595,1.3399999999983265
596,1.3300000000017462
597,1.3399999999983265
598,1.3400000000001455
599,1.3400000000001455
600,1.3400000000001455
601,1.3400000000001455
602,1.3500000000003638
603,1.3399999999983265
604,1.3400000000001455
605,1.3500000000021828
606,1.3399999999983265
607,1.3400000000001455
608,1.3500000000003638
609,1.3400000000001455
610,1.3500000000003638
611,1.3499999999985448
612,1.3500000000021828
613,1.3499999999985448
614,1.3500000000003638
615,1.3500000000003638
616,1.3499999999985448
617,1.3500000000021828
618,1.3499999999985448
619,1.3500000000003638
620,1.3500000000003638
621,1.359999999998763
622,1.3500000000003638
623,1.360000000000582
624,1.3499999999985448
625,1.360000000002401
626,1.359999999998763
627,1.3500000000003638
628,1.359999999998763
629,1.3500000000021828
630,1.359999999998763
631,1.3699999999989814
632,1.360000000000582
633,1.360000000000582
634,1.359999999998763
635,1.360000000000582
636,1.360000000000582
637,1.359999999998763
638,1.3700000000008004
639,1.360000000000582
640,1.359999999998763
641,1.3700000000008004
642,1.360000000000582
643,1.3700000000008004
644,1.3699999999989814
645,0.930000000000291
646,0.8399999999983265
647,0.8400000000001455
648,0.8400000000001455
649,0.8299999999999272
650,0.8400000000001455
651,0.8299999999999272
652,0.8299999999999272
653,0.8400000000001455
654,0.8299999999999272
655,0.8299999999999272
656,0.8400000000001455
657,0.8299999999999272
658,0.8299999999999272
659,0.8299999999999272
660,0.8299999999999272
661,0.820000000001528
662,0.8299999999999272
663,0.8299999999999272
664,0.819999999999709
665,0.8299999999999272
666,0.819999999999709
667,0.8299999999999272
668,0.819999999999709
669,0.8299999999999272
670,0.819999999999709
671,0.8100000000013097
672,0.819999999999709
673,0.819999999999709
674,0.8099999999994907
675,0.819999999999709
676,0.820000000001528
677,0.819999999999709
678,0.8099999999994907
679,0.819999999999709
680,0.8100000000013097
681,0.8099999999994907
682,0.7999999999992724
683,0.8099999999994907
684,0.8100000000013097
685,0.8099999999994907
686,0.7999999999992724
687,0.8100000000013097
688,0.8099999999994907
689,0.8099999999994907
690,0.7900000000008731
691,0.7999999999992724
692,0.8000000000010914
693,0.7999999999992724
694,0.7900000000008731
695,0.7999999999992724
696,0.7999999999992724
697,0.7900000000008731
698,0.7999999999992724
699,0.8000000000010914
700,0.7900000000008731
701,0.7799999999988358
702,0.7899999999990541
703,0.7900000000008731
704,0.7899999999990541
705,0.7800000000006548
706,0.7900000000008731
707,0.7899999999990541
708,0.7800000000006548
709,0.7899999999990541
710,0.7800000000006548
711,0.7799999999988358
712,0.7700000000004366
713,0.7800000000006548
714,0.7800000000006548
715,0.7699999999986176
716,0.7800000000006548
717,0.7800000000006548
718,0.7699999999986176
719,0.7800000000006548
720,0.7700000000004366
721,0.7600000000002183
722,0.7699999999986176
723,0.7600000000002183
724,0.7700000000004366
725,0.7700000000004366
726,0.7600000000002183
727,0.7699999999986176
728,0.7600000000002183
729,0.7700000000004366
730,0.7600000000002183
731,0.75
732,0.7600000000002183
733,0.75
734,0.7600000000002183
735,0.75
736,0.7600000000002183
737,0.75
738,0.7599999999983993
739,0.75
740,0.75
741,0.7400000000016007
742,0.75
743,0.7399999999997817
744,0.7399999999997817
745,0.75
746,0.7399999999997817
747,0.75
748,0.7399999999997817
749,0.7400000000016007
750,0.7399999999979627
751,0.7300000000013824
752,0.7299999999995634
753,0.7399999999997817
754,0.7300000000013824
755,0.7299999999977445
756,0.7300000000013824
757,0.7399999999997817
758,0.7299999999995634
759,0.7299999999995634
760,0.7200000000011642
761,0.7299999999995634
762,0.7200000000011642
763,0.7199999999993452
764,0.7199999999993452
765,0.7199999999993452
766,0.7200000000011642
767,0.7199999999993452
768,0.7299999999995634
769,0.7200000000011642
770,0.7099999999991269
771,0.7100000000009459
772,0.7099999999991269
773,0.7000000000007276
774,0.7099999999991269
775,0.7100000000009459
776,0.7099999999991269
777,0.7100000000009459
778,0.7099999999991269
779,0.7099999999991269
780,0.7000000000007276
781,0.7000000000007276
782,0.6899999999986903
783,0.7000000000007276
784,0.7000000000007276
785,0.6999999999989086
786,0.6900000000005093
787,0.7000000000007276
788,0.7000000000007276
789,0.6999999999989086
790,0.680000000000291
791,0.6899999999986903
792,0.68000000000211
793,0.6899999999986903
794,0.680000000000291
795,0.6899999999986903
796,0.680000000000291
797,0.6900000000005093
798,0.680000000000291
799,0.6900000000005093
800,0.6699999999982538
801,0.6700000000000728
802,0.6700000000000728
803,0.680000000000291
804,0.6700000000000728
805,0.6700000000018917
806,0.6700000000000728
807,0.679999999998472
808,0.6700000000000728
809,0.6700000000000728
810,0.6599999999998545
811,0.6599999999998545
812,0.6600000000016735
813,0.6599999999980355
814,0.6599999999998545
815,0.6599999999998545
816,0.6599999999998545
817,0.6600000000016735
818,0.6599999999998545
819,0.6599999999998545
820,0.6499999999996362
821,0.6399999999994179
822,0.6499999999996362
823,0.6500000000014552
824,0.6399999999994179
825,0.6500000000014552
826,0.6499999999978172
827,0.6400000000012369
828,0.6499999999996362
829,0.6499999999996362
830,0.6299999999991996
831,0.6400000000012369
832,0.6299999999991996
833,0.6300000000010186
834,0.6399999999994179
835,0.6299999999991996
836,0.6400000000012369
837,0.6299999999991996
838,0.6300000000010186
839,0.6399999999994179
840,0.6200000000008004
841,0.6199999999989814
842,0.6200000000008004
843,0.6199999999989814
844,0.6200000000008004
845,0.6199999999989814
846,0.6200000000008004
847,0.6199999999989814
848,0.6200000000008004
849,0.6200000000008004
850,0.6099999999987631
851,0.6100000000005821
852,0.6000000000003638
853,0.6099999999987631
854,0.6100000000005821
855,0.6100000000005821
856,0.6000000000003638
857,0.6099999999987631
858,0.6100000000005821
859,0.6000000000003638
860,0.6000000000003638
861,0.5899999999983265
862,0.6000000000003638
863,0.5900000000019645
864,0.5999999999985448
865,0.5900000000001455
866,0.5900000000001455
867,0.6000000000003638
868,0.5900000000001455
869,0.5999999999985448
870,0.5799999999999272
871,0.5799999999999272
872,0.5900000000001455
873,0.5799999999999272
874,0.5799999999999272
875,0.5799999999999272
876,0.5900000000001455
877,0.5799999999999272
878,0.5799999999999272
879,0.5799999999999272
880,0.570000000001528
881,0.569999999999709
882,0.5799999999999272
883,0.569999999999709
884,0.570000000001528
885,0.56999999999789
886,0.569999999999709
887,0.570000000001528
888,0.569999999999709
889,0.569999999999709
890,0.5599999999994907
891,0.5600000000013097
892,0.5599999999994907
893,0.5499999999992724
894,0.5599999999994907
895,0.5600000000013097
896,0.5599999999994907
897,0.5599999999994907
898,0.5600000000013097
899,0.5599999999994907
900,0.5399999999990541
901,0.5500000000010914
902,0.5499999999992724
903,0.5400000000008731
904,0.5500000000010914
905,0.5499999999992724
906,0.5399999999990541
907,0.5499999999992724
908,0.5400000000008731
909,0.5499999999992724
910,0.5400000000008731
911,0.5300000000006548
912,0.5300000000006548
913,0.5399999999990541
914,0.5299999999988358
915,0.5400000000008731
916,0.5299999999988358
917,0.5400000000008731
918,0.5300000000006548
919,0.5299999999988358
920,0.5300000000006548
921,0.5200000000004366
922,0.5199999999986176
923,0.5200000000004366
924,0.5200000000004366
925,0.5200000000004366
926,0.5299999999988358
927,0.5200000000022555
928,0.5199999999986176
929,0.5200000000004366
930,0.5100000000002183
931,0.5099999999983993
932,0.5100000000002183
933,0.5100000000020373
934,0.5099999999983993
935,0.5100000000002183
936,0.5100000000002183
937,0.5100000000002183
938,0.5100000000002183
939,0.5099999999983993
940,0.4900000000016007
941,0.5
942,0.5
943,0.4899999999997817
944,0.5
945,0.5
946,0.4899999999997817
947,0.5
948,0.5
949,0.4899999999997817
950,0.4899999999997817
951,0.47999999999956344
952,0.4899999999997817
953,0.48000000000138243
954,0.47999999999956344
955,0.4899999999997817
956,0.47999999999956344
957,0.4899999999997817
958,0.48000000000138243
959,0.4899999999997817
960,0.46999999999934516
961,0.46999999999934516
962,0.47000000000116415
963,0.47000000000116415
964,0.46999999999934516
965,0.46999999999934516
966,0.46999999999934516
967,0.47000000000116415
968,0.46999999999934516
969,0.46999999999934516
970,0.47000000000116415
971,0.4600000000009459
972,0.4599999999991269
973,0.4600000000009459
974,0.4599999999991269
975,0.4599999999991269
976,0.4500000000007276
977,0.4600000000009459
978,0.56999999999789
979,0.6900000000005093
980,0.680000000000291
981,0.680000000000291
982,0.6899999999986903
983,0.680000000000291
984,0.68000000000211
985,0.679999999998472
986,0.6900000000005093
987,0.680000000000291
988,0.679999999998472
989,0.680000000000291
990,0.6700000000018917
991,0.6700000000000728
992,0.6699999999982538
993,0.680000000000291
994,0.6700000000000728
995,0.6700000000000728
996,0.6700000000000728
997,0.6700000000000728
998,0.6700000000000728
999,0.6700000000000728
1000,0.6599999999998545
1001,0.6599999999998545
1002,0.6599999999998545
1003,0.6599999999998545
1004,0.6599999999998545
1005,0.6600000000016735
1006,0.6599999999980355
1007,0.6499999999996362
1008,0.6600000000016735
1009,0.6599999999998545
1010,0.6499999999996362
1011,0.6499999999996362
1012,0.6399999999994179
1013,0.6500000000014552
1014,0.6499999999996362
1015,0.6499999999996362
1016,0.6399999999994179
1017,0.6499999999996362
1018,0.6500000000014552
1019,0.6499999999996362
1020,0.6299999999991996
1021,0.6400000000012369
1022,0.6299999999991996
1023,0.6399999999994179
1024,0.6300000000010186
1025,0.6400000000012369
1026,0.6399999999975989
1027,0.6300000000010186
1028,0.6399999999994179
1029,0.6300000000010186
1030,0.6299999999991996
1031,0.6200000000008004
1032,0.6199999999989814
1033,0.6300000000010186
1034,0.6199999999989814
1035,0.6200000000008004
1036,0.6299999999991996
1037,0.6200000000008004
1038,0.6199999999989814
1039,0.6300000000010186
1040,0.6099999999987631
1041,0.6100000000024011
1042,0.6099999999987631
1043,0.6099999999987631
1044,0.6100000000024011
1045,0.6099999999987631
1046,0.6100000000005821
1047,0.6199999999989814
1048,0.6100000000005821
1049,0.6099999999987631
1050,0.6000000000003638
1051,0.6000000000003638
1052,0.6000000000003638
1053,0.6000000000003638
1054,0.5999999999985448
1055,0.6000000000003638
1056,0.6000000000003638
1057,0.6000000000003638
1058,0.6000000000003638
1059,0.5999999999985448
1060,0.5900000000001455
1061,0.5900000000001455
1062,0.5900000000001455
1063,0.5900000000019645
1064,0.5899999999983265
1065,0.5900000000001455
1066,0.5900000000001455
1067,0.5799999999999272
1068,0.5900000000001455
1069,0.5900000000001455
1070,0.5799999999999272
1071,0.5799999999999272
1072,0.5799999999999272
1073,0.5799999999999272
1074,0.5799999999999272
1075,0.5799999999999272
1076,0.5799999999999272
1077,0.569999999999709
1078,0.5799999999999272
1079,0.5799999999999272
1080,0.569999999999709
1081,0.570000000001528
1082,0.569999999999709
1083,0.569999999999709
1084,0.5599999999994907
1085,0.569999999999709
1086,0.570000000001528
1087,0.569999999999709
1088,0.569999999999709
1089,0.5600000000013097
1090,0.5599999999976717
1091,0.5600000000013097
1092,0.5599999999994907
1093,0.5499999999992724
1094,0.5600000000013097
1095,0.5599999999994907
1096,0.5599999999994907
1097,0.5500000000010914
1098,0.5599999999994907
1099,0.5600000000013097
1100,0.5399999999990541
1101,0.5499999999992724
1102,0.5499999999992724
1103,0.5400000000008731
1104,0.5499999999992724
1105,0.5500000000010914
1106,0.5399999999990541
1107,0.5500000000010914
1108,0.5399999999990541
1109,0.5500000000010914
1110,0.5400000000008731
1111,0.5299999999988358
1112,0.5399999999990541
1113,0.5300000000006548
1114,0.5399999999990541
1115,0.5300000000024738
1116,0.5399999999990541
1117,0.5299999999988358
1118,0.5400000000008731
1119,0.5399999999990541
1120,0.5200000000004366
1121,0.5200000000004366
1122,0.5299999999988358
1123,0.5200000000004366
1124,0.5300000000006548
1125,0.5200000000004366
1126,0.5299999999988358
1127,0.5200000000004366
1128,0.5200000000004366
1129,0.5299999999988358
1130,0.5200000000004366
1131,0.5100000000002183
1132,0.5200000000004366
1133,0.5100000000002183
1134,0.5199999999986176
1135,0.5100000000002183
1136,0.5100000000002183
1137,0.43000000000029104
1138,0.3500000000003638
1139,0.3500000000003638
1140,0.3499999999985448
1141,0.3400000000001455
1142,0.3400000000001455
1143,0.3500000000021828
1144,0.33999999999832653
1145,0.3400000000001455
1146,0.3400000000001455
1147,0.3500000000003638
1148,0.3400000000001455
1149,0.3400000000001455
1150,0.33999999999832653
1151,0.32999999999992724
1152,0.33000000000174623
1153,0.32999999999992724
1154,0.33999999999832653
1155,0.33000000000174623
1156,0.32999999999992724
1157,0.33999999999832653
1158,0.33000000000174623
1159,0.32999999999992724
1160,0.32999999999992724
1161,0.31999999999970896
1162,0.31999999999970896
1163,0.31999999999970896
1164,0.33000000000174623
1165,0.31999999999789
1166,0.31999999999970896
1167,0.32999999999992724
1168,0.32000000000152795
1169,0.31999999999970896
1170,0.31999999999970896
1171,0.3099999999994907
1172,0.3100000000013097
1173,0.3099999999994907
1174,0.31999999999970896
1175,0.3099999999994907
1176,0.3100000000013097
1177,0.31999999999970896
1178,0.3099999999994907
1179,0.3099999999994907
1180,0.3100000000013097
1181,0.2999999999992724
1182,0.2999999999992724
1183,0.3100000000013097
1184,0.2999999999992724
1185,0.2999999999992724
1186,0.3100000000013097
1187,0.2999999999992724
1188,0.2999999999992724
1189,0.3000000000010914
1190,0.2999999999992724
1191,0.2900000000008731
1192,0.2899999999990541
1193,0.3000000000010914
1194,0.2899999999990541
1195,0.2900000000008731
1196,0.3000000000010914
1197,0.2899999999990541
1198,0.2899999999990541
1199,0.3000000000010914
1200,0.27999999999883585
1201,0.28000000000065484
1202,0.28000000000065484
1203,0.2899999999990541
1204,0.28000000000065484
1205,0.27999999999883585
1206,0.2900000000008731
1207,0.27999999999883585
1208,0.2800000000024738
1209,0.2899999999990541
1210,0.26999999999861757
1211,0.27000000000225555
1212,0.26999999999861757
1213,0.28000000000065484
1214,0.26999999999861757
1215,0.27000000000043656
1216,0.28000000000065484
1217,0.26999999999861757
1218,0.27000000000043656
1219,0.28000000000065484
1220,0.2600000000002183
1221,0.2600000000002183
1222,0.2600000000002183
1223,0.26999999999861757
1224,0.26000000000203727
1225,0.2599999999983993
1226,0.2600000000002183
1227,0.27000000000043656
1228,0.2600000000002183
1229,0.2599999999983993
1230,0.2600000000002183
1231,0.25
1232,0.25
1233,0.25
1234,0.2600000000002183
1235,0.25
1236,0.25
1237,0.25
1238,0.2600000000002183
1239,0.25
1240,0.23999999999978172
1241,0.23999999999978172
1242,0.23999999999978172
1243,0.2400000000016007
1244,0.23999999999978172
1245,0.23999999999978172
1246,0.23999999999978172
1247,0.23000000000138243
1248,0.23999999999796273
1249,0.23999999999978172
1250,0.23000000000138243
1251,0.22999999999956344
1252,0.21999999999934516
1253,0.22999999999956344
1254,0.22000000000116415
1255,0.22999999999956344
1256,0.21999999999934516
1257,0.23000000000138243
1258,0.21999999999934516
1259,0.22999999999956344
1260,0.21000000000094587
1261,0.20999999999912689
1262,0.21000000000094587
1263,0.21999999999934516
1264,0.21000000000094587
1265,0.20999999999912689
1266,0.21000000000094587
1267,0.20999999999912689
1268,0.20999999999912689
1269,0.21000000000094587
1270,0.2000000000007276
1271,0.2000000000007276
1272,0.1999999999989086
1273,0.18999999999869033
1274,0.2000000000007276
1275,0.2000000000007276
1276,0.1999999999989086
1277,0.19000000000050932
1278,0.2000000000007276
1279,0.1999999999989086
1280,0.18000000000029104
1281,0.19000000000050932
1282,0.18000000000029104
1283,0.17999999999847205
1284,0.1900000000023283
1285,0.17999999999847205
1286,0.18000000000029104
1287,0.19000000000050932
1288,0.17999999999847205
1289,0.18000000000029104
1290,0.17000000000007276
1291,0.17000000000189175
1292,0.17000000000007276
1293,0.16999999999825377
1294,0.17000000000007276
1295,0.17000000000007276
1296,0.17000000000007276
1297,0.17000000000007276
1298,0.17000000000007276
1299,0.17000000000007276
1300,0.1499999999996362
1301,0.16000000000167347
1302,0.1499999999978172
1303,0.15999999999985448
1304,0.1500000000014552
1305,0.15999999999985448
1306,0.1499999999996362
1307,0.15999999999985448
1308,0.1500000000014552
1309,0.1599999999980355
1310,0.18000000000029104
1311,0.18000000000029104
1312,0.19000000000050932
1313,0.17999999999847205
1314,0.18000000000029104
1315,0.19000000000050932
1316,0.18000000000029104
1317,0.18000000000029104
1318,0.18999999999869033
1319,0.18000000000029104
1320,0.17000000000007276
1321,0.18000000000029104
1322,0.17000000000007276
1323,0.18000000000029104
1324,0.17000000000007276
1325,0.18000000000029104
1326,0.17000000000007276
1327,0.17999999999847205
1328,0.17000000000007276
1329,0.18000000000029104
1330,0.15999999999985448
1331,0.15999999999985448
1332,0.17000000000007276
1333,0.15999999999985448
1334,0.16000000000167347
1335,0.15999999999985448
1336,0.17000000000007276
1337,0.15999999999985448
1338,0.15999999999985448
1339,0.15999999999985448
1340,0.1499999999996362
1341,0.16000000000167347
1342,0.1499999999978172
1343,0.1500000000014552
1344,0.1499999999996362
1345,0.1499999999996362
1346,0.15999999999985448
1347,0.1499999999996362
1348,0.1499999999996362
1349,0.1500000000014552
1350,0.13999999999941792
1351,0.13999999999941792
1352,0.1499999999996362
1353,0.1400000000012369
1354,0.13999999999941792
1355,0.13999999999941792
1356,0.1400000000012369
1357,0.13999999999941792
1358,0.13999999999941792
1359,0.1500000000014552
1360,0.12999999999919964
1361,0.12999999999919964
1362,0.13000000000101863
1363,0.12999999999919964
1364,0.13000000000101863
1365,0.12999999999919964
1366,0.13000000000101863
1367,0.12999999999919964
1368,0.13000000000101863
1369,0.13999999999941792
1370,0.11999999999898137
1371,0.12000000000080036
1372,0.12000000000080036
1373,0.11999999999898137
1374,0.12000000000080036
1375,0.11999999999898137
1376,0.12000000000080036
1377,0.11999999999898137
1378,0.12000000000080036
1379,0.11999999999898137
1380,0.11000000000240107
1381,0.10999999999876309
1382,0.10999999999876309
1383,0.11000000000240107
1384,0.10999999999876309
1385,0.11000000000058208
1386,0.10999999999876309
1387,0.11000000000058208
1388,0.11000000000058208
1389,0.10999999999876309
1390,0.1000000000003638
1391,0.1000000000003638
1392,0.1000000000003638
1393,0.09999999999854481
1394,0.1000000000003638
1395,0.1000000000003638
1396,0.1000000000003638
1397,0.1000000000003638
1398,0.09000000000014552
1399,0.09999999999854481
1400,0.09000000000014552
1401,0.09000000000014552
1402,0.09000000000196451
1403,0.08999999999832653
1404,0.09000000000014552
1405,0.09000000000014552
1406,0.09000000000014552
1407,0.09000000000014552
1408,0.07999999999992724
1409,0.09000000000014552
1410,0.019999999998617568
1411,0.020000000000436557
1412,0.010000000000218279
1413,0.020000000000436557
1414,0.010000000000218279
1415,0.019999999998617568
1416,0.020000000000436557
1417,0.010000000002037268
1418,0.019999999998617568
1419,0.010000000000218279
1420,0.010000000000218279
1421,0.0
1422,0.0
1423,0.010000000000218279
1424,0.0
1425,0.0
1426,0.00999999999839929
1427,0.0
1428,0.0
1429,0.010000000000218279
1430,0.0
1431,0.0
1432,0.0
1433,0.010000000002037268
1434,0.0
1435,0.0
1436,0.0
1437,0.00999999999839929
1438,0.0
1439,0.0
1440,0.0
1441,0.010000000000218279
1442,0.0
1443,0.0
1444,0.010000000000218279
1445,0.0
1446,0.0
1447,0.010000000000218279
1448,0.0
1449,0.0
1450,0.010000000000218279
1451,0.0
1452,0.0
1453,0.00999999999839929
1454,0.0
1455,0.0
1456,0.010000000000218279
1457,0.0
1458,0.010000000000218279
1459,0.0
1460,0.0
1461,0.010000000000218279
1462,0.0
1463,0.010000000000218279
1464,0.0
1465,0.010000000000218279
1466,0.0
1467,0.010000000000218279
1468,0.0
1469,0.0
1470,0.010000000000218279
1471,0.0
1472,0.00999999999839929
1473,0.0
1474,0.010000000000218279
1475,0.010000000000218279
1476,0.0
1477,0.010000000002037268
1478,0.0
1479,0.00999999999839929
1480,0.0
1481,0.010000000000218279
1482,0.0
1483,0.010000000000218279
1484,0.010000000000218279
1485,0.0
1486,0.010000000000218279
1487,0.0
1488,0.00999999999839929
1489,0.0
1490,0.010000000000218279
1491,0.010000000002037268
1492,0.0
1493,0.00999999999839929
1494,0.010000000000218279
1495,0.0
1496,0.010000000000218279
1497,0.010000000000218279
1498,0.0
1499,0.010000000000218279
1500,0.00999999999839929
1501,0.0
1502,0.010000000000218279
1503,0.010000000000218279
1504,0.010000000000218279
1505,0.0
1506,0.010000000000218279
1507,0.010000000000218279
1508,0.010000000000218279
1509,0.0
1510,0.010000000000218279
1511,0.00999999999839929
1512,0.010000000000218279
1513,0.0
1514,0.010000000000218279
1515,0.010000000002037268
1516,0.00999999999839929
1517,0.010000000000218279
1518,0.0
1519,0.010000000000218279
1520,0.010000000000218279
1521,0.010000000000218279
1522,0.0
1523,0.00999999999839929
1524,0.010000000000218279
1525,0.010000000002037268
1526,0.00999999999839929
1527,0.0
1528,0.010000000000218279
1529,0.010000000000218279
1530,0.010000000000218279
1531,0.0
1532,0.010000000000218279
1533,0.00999999999839929
1534,0.0
1535,0.010000000000218279
1536,0.010000000000218279
1537,0.0
1538,0.010000000000218279
1539,0.010000000000218279
1540,0.0
1541,0.010000000000218279
1542,0.0
1543,0.010000000000218279
1544,0.0
1545,0.010000000000218279
1546,0.00999999999839929
1547,0.0
1548,0.010000000000218279
1549,0.0
1550,0.010000000000218279
1551,0.010000000002037268
1552,0.00999999999839929
1553,0.010000000000218279
1554,0.010000000000218279
1555,0.010000000000218279
1556,0.010000000000218279
1557,0.00999999999839929
1558,0.0
1559,0.010000000000218279
1560,0.030000000000654836
1561,0.039999999999054126
1562,0.030000000000654836
1563,0.030000000000654836
1564,0.029999999998835847
1565,0.030000000000654836
1566,0.030000000000654836
1567,0.029999999998835847
1568,0.040000000000873115
1569,0.029999999998835847
1570,0.030000000000654836
1571,0.030000000000654836
1572,0.029999999998835847
1573,0.030000000000654836
1574,0.030000000000654836
1575,0.029999999998835847
1576,0.030000000000654836
1577,0.030000000000654836
1578,0.029999999998835847
1579,0.030000000000654836
1580,0.029999999998835847
1581,0.030000000002473826
1582,0.029999999998835847
1583,0.029999999998835847
1584,0.030000000000654836
1585,0.030000000000654836
1586,0.029999999998835847
1587,0.030000000000654836
1588,0.030000000000654836
1589,0.029999999998835847
1590,0.030000000000654836
1591,0.030000000000654836
1592,0.019999999998617568
1593,0.030000000000654836
1594,0.030000000000654836
1595,0.029999999998835847
1596,0.030000000000654836
1597,0.029999999998835847
1598,0.030000000002473826
1599,0.019999999998617568
1600,0.030000000000654836
1601,0.030000000000654836
1602,0.029999999998835847
1603,0.029999999998835847
1604,0.020000000000436557
1605,0.030000000000654836
1606,0.029999999998835847
1607,0.030000000002473826
1608,0.019999999998617568
1609,0.030000000000654836
1610,0.030000000000654836
1611,0.019999999998617568
1612,0.030000000000654836
1613,0.029999999998835847
1614,0.020000000000436557
1615,0.030000000000654836
1616,0.029999999998835847
1617,0.020000000000436557
1618,0.030000000000654836
1619,0.029999999998835847
1620,0.020000000000436557
1621,0.030000000000654836
1622,0.019999999998617568
1623,0.030000000000654836
1624,0.020000000000436557
1625,0.029999999998835847
1626,0.020000000000436557
1627,0.030000000000654836
1628,0.020000000000436557
1629,0.029999999998835847
1630,0.020000000000436557
1631,0.020000000000436557
1632,0.029999999998835847
1633,0.020000000000436557
1634,0.030000000000654836
1635,0.020000000000436557
1636,0.019999999998617568
1637,0.030000000000654836
1638,0.020000000000436557
1639,0.020000000000436557
1640,0.019999999998617568
1641,0.030000000000654836
1642,0.020000000000436557
1643,0.019999999998617568
1644,0.020000000000436557
1645,0.020000000000436557
1646,0.030000000000654836
1647,0.019999999998617568
1648,0.020000000002255547
1649,0.019999999998617568
1650,0.020000000000436557
1651,0.019999999998617568
1652,0.020000000002255547
1653,0.019999999998617568
1654,0.020000000000436557
1655,0.019999999998617568
1656,0.020000000000436557
1657,0.020000000000436557
1658,0.020000000000436557
1659,0.019999999998617568
1660,0.020000000000436557
1661,0.020000000000436557
1662,0.020000000000436557
1663,0.020000000000436557
1664,0.019999999998617568
1665,0.020000000000436557
1666,0.010000000000218279
1667,0.020000000000436557
1668,0.019999999998617568
1669,0.020000000000436557
1670,0.020000000000436557
1671,0.010000000000218279
1672,0.020000000000436557
1673,0.019999999998617568
1674,0.020000000002255547
1675,0.00999999999839929
1676,0.020000000000436557
1677,0.020000000000436557
1678,0.00999999999839929
1679,0.020000000002255547
1680,0.019999999998617568
1681,0.010000000000218279
1682,0.020000000000436557
1683,0.00999999999839929
1684,0.020000000000436557
1685,0.010000000000218279
1686,0.020000000000436557
1687,0.010000000000218279
1688,0.019999999998617568
1689,0.020000000000436557
1690,0.010000000002037268
1691,0.00999999999839929
1692,0.020000000000436557
1693,0.010000000000218279
1694,0.019999999998617568
1695,0.010000000000218279
1696,0.010000000002037268
1697,0.019999999998617568
1698,0.010000000000218279
1699,0.010000000000218279
1700,0.019999999998617568
1701,0.010000000000218279
1702,0.010000000000218279
1703,0.010000000000218279
1704,0.020000000000436557
1705,0.010000000000218279
1706,0.010000000000218279
1707,0.00999999999839929
1708,0.020000000000436557
1709,0.010000000002037268
1710,0.00999999999839929
1711,0.010000000000218279
1712,0.010000000000218279
1713,0.020000000000436557
1714,0.00999999999839929
1715,0.010000000000218279
1716,0.010000000002037268
1717,0.019999999998617568
1718,0.010000000000218279
1719,0.010000000000218279
1720,0.010000000000218279
1721,0.00999999999839929
1722,0.020000000000436557
1723,0.010000000000218279
1724,0.010000000000218279
1725,0.010000000000218279
1726,0.020000000000436557
1727,0.00999999999839929
1728,0.010000000000218279
1729,0.010000000000218279
1730,0.020000000000436557
1731,0.010000000000218279
1732,0.010000000000218279
1733,0.010000000000218279
1734,0.019999999998617568
1735,0.010000000000218279
1736,0.010000000002037268
1737,0.00999999999839929
1738,0.020000000000436557
1739,0.010000000000218279
1740,0.010000000000218279
1741,0.00999999999839929
1742,0.020000000000436557
1743,0.010000000000218279
1744,0.010000000000218279
1745,0.020000000000436557
1746,0.010000000000218279
1747,0.00999999999839929
1748,0.010000000000218279
1749,0.020000000002255547
1750,0.00999999999839929
1751,0.010000000000218279
1752,0.020000000000436557
1753,0.010000000000218279
1754,0.00999999999839929
1755,0.020000000002255547
1756,0.00999999999839929
1757,0.010000000000218279
1758,0.020000000000436557
1759,0.010000000000218279
1760,0.00999999999839929
1761,0.010000000000218279
1762,0.020000000000436557
1763,0.010000000000218279
1764,0.010000000000218279
1765,0.020000000000436557
1766,0.00999999999839929
1767,0.010000000000218279
1768,0.020000000002255547
1769,0.00999999999839929
1770,0.010000000000218279
1771,0.020000000000436557
1772,0.010000000000218279
1773,0.019999999998617568
1774,0.010000000002037268
1775,0.00999999999839929
1776,0.020000000000436557
1777,0.010000000000218279
1778,0.010000000000218279
1779,0.019999999998617568
1780,0.010000000000218279
1781,0.010000000000218279
1782,0.020000000000436557
1783,0.010000000000218279
1784,0.010000000000218279
1785,0.019999999998617568
1786,0.010000000000218279
1787,0.020000000000436557
1788,0.010000000000218279
1789,0.010000000000218279
1790,0.020000000000436557
1791,0.00999999999839929
1792,0.010000000000218279
1793,0.010000000002037268
1794,0.00999999999839929
1795,0.020000000000436557
1796,0.010000000000218279
1797,0.010000000000218279
1798,0.00999999999839929
1799,0.020000000000436557
1800,0.010000000000218279
1801,0.010000000000218279
1802,0.010000000000218279
1803,0.010000000000218279
1804,0.019999999998617568
1805,0.010000000000218279
1806,0.010000000000218279
1807,0.010000000002037268
1808,0.00999999999839929
1809,0.020000000000436557
1810,0.010000000000218279
1811,0.010000000000218279
1812,0.00999999999839929
1813,0.010000000000218279
1814,0.010000000002037268
1815,0.00999999999839929
1816,0.010000000000218279
1817,0.010000000000218279
1818,0.010000000000218279
1819,0.010000000000218279
1820,0.00999999999839929
1821,0.010000000000218279
1822,0.010000000000218279
1823,0.010000000000218279
1824,0.010000000000218279
1825,0.0
1826,0.010000000000218279
1827,0.010000000000218279
1828,0.010000000000218279
1829,0.00999999999839929
1830,0.010000000000218279
1831,0.010000000000218279
1832,0.0
1833,0.010000000002037268
1834,0.00999999999839929
1835,0.010000000000218279
1836,0.0
1837,0.010000000000218279
1838,0.010000000000218279
1839,0.010000000000218279
1840,0.0
1841,0.00999999999839929
1842,0.0
1843,0.010000000000218279
1844,0.010000000002037268
1845,0.0
1846,0.00999999999839929
1847,0.0
1848,0.010000000000218279
1849,0.0
1850,0.010000000000218279
1851,0.0
1852,0.010000000000218279
1853,0.0
1854,0.010000000000218279
1855,0.0
1856,0.00999999999839929
1857,0.0
1858,0.0
1859,0.010000000000218279
1860,0.0
1861,0.010000000000218279
1862,0.0
1863,0.0
1864,0.0
1865,0.010000000000218279
1866,0.0
1867,0.0
1868,0.010000000000218279
1869,0.0
1870,0.0
1871,0.0
1872,0.0
1873,0.0
1874,0.010000000000218279
1875,0.0
1876,0.0
1877,0.0
1878,0.0
1879,0.0
1880,0.0
1881,0.0
1882,0.0
1883,0.0
1884,0.0
1885,0.0
1886,0.0
1887,0.0
1888,0.0
1889,0.0
1890,0.0
1891,0.0
1892,0.0
1893,0.0
1894,-0.010000000000218279
1895,0.0
1896,0.0
1897,0.0
1898,0.0
1899,0.0
1900,-0.010000000000218279
1901,0.0
1902,0.0
1903,0.0
1904,0.0
1905,-0.010000000000218279
1906,0.0
1907,0.0
1908,0.0
1909,-0.010000000000218279
1910,0.0
1911,0.0
1912,-0.010000000000218279
1913,0.0
1914,0.0
1915,0.0
1916,-0.00999999999839929
1917,0.0
1918,0.0
1919,-0.010000000000218279
1920,0.0
1921,0.0
1922,-0.010000000000218279
1923,0.0
1924,0.0
1925,-0.010000000000218279
1926,0.0
1927,-0.010000000000218279
1928,0.0
1929,0.0
1930,-0.00999999999839929
1931,0.0
1932,-0.010000000002037268
1933,0.0
1934,0.0
1935,-0.010000000000218279
1936,0.0
1937,-0.00999999999839929
1938,0.0
1939,-0.010000000000218279
1940,0.0
1941,-0.010000000000218279
1942,0.0
1943,-0.010000000000218279
1944,0.0
1945,-0.010000000000218279
1946,0.0
1947,-0.00999999999839929
1948,0.0
1949,-0.010000000002037268
1950,0.0
1951,-0.010000000000218279
1952,0.0
1953,-0.010000000000218279
1954,0.0
1955,-0.00999999999839929
1956,-0.010000000000218279
1957,0.0
1958,-0.010000000000218279
1959,0.0
1960,-0.010000000000218279
1961,-0.010000000000218279
1962,0.0
1963,-0.010000000000218279
1964,0.0
1965,-0.010000000000218279
1966,-0.010000000000218279
1967,0.0
1968,-0.00999999999839929
1969,-0.010000000000218279
1970,0.0
1971,-0.010000000000218279
1972,-0.010000000000218279
1973,0.0
1974,-0.010000000000218279
1975,-0.00999999999839929
1976,-0.010000000002037268
1977,0.0
1978,-0.010000000000218279
1979,-0.00999999999839929
1980,0.0
1981,-0.010000000000218279
1982,-0.010000000000218279
1983,-0.010000000000218279
1984,0.0
1985,-0.010000000000218279
1986,-0.00999999999839929
1987,-0.010000000002037268
1988,-0.010000000000218279
1989,0.0
1990,-0.010000000000218279
1991,-0.00999999999839929
1992,0.0
1993,-0.010000000000218279
1994,-0.010000000000218279
1995,0.0
1996,-0.010000000000218279
1997,-0.010000000000218279
1998,0.0
1999,-0.010000000000218279
2000,0.0
2001,-0.010000000000218279
2002,0.0
2003,0.0
2004,-0.010000000000218279
2005,0.0
2006,0.0
2007,-0.00999999999839929
2008,0.0
2009,0.0
2010,0.0
2011,0.0
2012,-0.010000000000218279
2013,0.0
2014,0.0
2015,0.0
2016,0.0
2017,0.0
2018,0.0
2019,0.0
2020,0.0
2021,0.010000000000218279
2022,0.0
2023,0.0
2024,0.0
2025,0.0
2026,0.00999999999839929
2027,0.0
2028,0.0
2029,0.0
2030,0.010000000000218279
2031,0.0
2032,0.010000000000218279
2033,0.010000000000218279
2034,0.0
2035,0.010000000000218279
2036,0.0
2037,0.010000000000218279
2038,0.0
2039,0.010000000000218279
2040,0.010000000000218279
2041,0.0
2042,0.00999999999839929
2043,0.010000000000218279
2044,0.010000000000218279
2045,0.010000000002037268
2046,0.00999999999839929
2047,0.0
2048,0.010000000000218279
2049,0.010000000000218279
2050,0.010000000000218279
2051,0.010000000000218279
2052,0.00999999999839929
2053,0.020000000002255547
2054,0.00999999999839929
2055,0.010000000000218279
2056,0.010000000000218279
2057,0.010000000000218279
2058,0.010000000000218279
2059,0.00999999999839929
2060,0.020000000000436557
2061,0.010000000000218279
2062,0.020000000000436557
2063,0.010000000000218279
2064,0.010000000000218279
2065,0.019999999998617568
2066,0.010000000000218279
2067,0.020000000000436557
2068,0.010000000000218279
2069,0.010000000000218279
2070,0.020000000000436557
2071,0.019999999998617568
2072,0.020000000000436557
2073,0.010000000000218279
2074,0.020000000000436557
2075,0.019999999998617568
2076,0.010000000000218279
2077,0.020000000000436557
2078,0.020000000000436557
2079,0.020000000000436557
2080,0.00999999999839929
2081,0.020000000000436557
2082,0.020000000000436557
2083,0.020000000000436557
2084,0.020000000000436557
2085,0.019999999998617568
2086,0.020000000000436557
2087,0.020000000000436557
2088,0.020000000000436557
2089,0.019999999998617568
2090,0.010000000000218279
2091,0.020000000000436557
2092,0.010000000000218279
2093,0.020000000000436557
2094,0.019999999998617568
2095,0.010000000000218279
2096,0.020000000000436557
2097,0.010000000000218279
2098,0.020000000000436557
2099,0.019999999998617568
2100,0.010000000000218279
2101,0.010000000002037268
2102,0.019999999998617568
2103,0.010000000000218279
2104,0.010000000000218279
2105,0.010000000000218279
2106,0.019999999998617568
2107,0.010000000000218279
2108,0.010000000000218279
2109,0.020000000000436557
2110,0.0
2111,0.010000000000218279
2112,0.010000000000218279
2113,0.00999999999839929
2114,0.010000000000218279
2115,0.010000000000218279
2116,0.010000000002037268
2117,0.00999999999839929
2118,0.010000000000218279
2119,0.010000000000218279
2120,0.010000000000218279
2121,0.0
2122,0.010000000000218279
2123,0.00999999999839929
2124,0.0
2125,0.010000000000218279
2126,0.0
2127,0.010000000002037268
2128,0.00999999999839929
2129,0.0
2130,0.010000000000218279
2131,0.0
2132,0.0
2133,0.0
2134,0.010000000000218279
2135,0.0
2136,0.0
2137,0.010000000000218279
2138,0.0
2139,0.0
2140,0.0
2141,0.0
2142,0.0
2143,0.0
2144,0.0
2145,0.0
2146,0.0
2147,0.0
2148,0.0
2149,0.0
2150,-0.010000000000218279
2151,0.0
2152,0.0
2153,-0.010000000000218279
2154,0.0
2155,0.0
2156,-0.010000000000218279
2157,0.0
2158,-0.00999999999839929
2159,0.0
2160,-0.030000000000654836
2161,-0.040000000000873115
2162,-0.030000000000654836
2163,-0.039999999999054126
2164,-0.030000000000654836
2165,-0.039999999999054126
2166,-0.030000000000654836
2167,-0.030000000000654836
2168,-0.039999999999054126
2169,-0.030000000000654836
2170,-0.039999999999054126
2171,-0.040000000000873115
2172,-0.039999999999054126
2173,-0.030000000000654836
2174,-0.039999999999054126
2175,-0.040000000000873115
2176,-0.040000000000873115
2177,-0.029999999998835847
2178,-0.040000000000873115
2179,-0.039999999999054126
2180,-0.040000000000873115
2181,-0.039999999999054126
2182,-0.029999999998835847
2183,-0.040000000000873115
2184,-0.040000000000873115
2185,-0.039999999999054126
2186,-0.030000000000654836
2187,-0.040000000000873115
2188,-0.039999999999054126
2189,-0.040000000000873115
2190,-0.029999999998835847
2191,-0.040000000000873115
2192,-0.039999999999054126
2193,-0.030000000000654836
2194,-0.039999999999054126
2195,-0.030000000000654836
2196,-0.040000000000873115
2197,-0.039999999999054126
2198,-0.030000000000654836
2199,-0.039999999999054126
2200,-0.030000000000654836
2201,-0.039999999999054126
2202,-0.030000000000654836
2203,-0.030000000000654836
2204,-0.039999999999054126
2205,-0.030000000000654836
2206,-0.039999999999054126
2207,-0.030000000000654836
2208,-0.040000000000873115
2209,-0.029999999998835847
2210,-0.029999999998835847
2211,-0.040000000000873115
2212,-0.030000000000654836
2213,-0.030000000000654836
2214,-0.029999999998835847
2215,-0.039999999999054126
2216,-0.030000000000654836
2217,-0.030000000000654836
2218,-0.030000000000654836
2219,-0.039999999999054126
2220,-0.030000000000654836
2221,-0.030000000000654836
2222,-0.029999999998835847
2223,-0.029999999998835847
2224,-0.030000000000654836
2225,-0.030000000000654836
2226,-0.030000000000654836
2227,-0.029999999998835847
2228,-0.030000000000654836
2229,-0.040000000000873115
2230,-0.019999999998617568
2231,-0.030000000000654836
2232,-0.030000000000654836
2233,-0.029999999998835847
2234,-0.029999999998835847
2235,-0.030000000002473826
2236,-0.029999999998835847
2237,-0.030000000000654836
2238,-0.029999999998835847
2239,-0.030000000000654836
2240,-0.019999999998617568
2241,-0.030000000000654836
2242,-0.030000000000654836
2243,-0.030000000000654836
2244,-0.020000000000436557
2245,-0.029999999998835847
2246,-0.030000000000654836
2247,-0.029999999998835847
2248,-0.020000000000436557
2249,-0.029999999998835847
2250,-0.030000000000654836
2251,-0.020000000000436557
2252,-0.029999999998835847
2253,-0.020000000002255547
2254,-0.029999999998835847
2255,-0.030000000000654836
2256,-0.020000000000436557
2257,-0.029999999998835847
2258,-0.020000000000436557
2259,-0.030000000000654836
2260,-0.019999999998617568
2261,-0.030000000000654836
2262,-0.019999999998617568
2263,-0.030000000002473826
2264,-0.019999999998617568
2265,-0.020000000000436557
2266,-0.030000000000654836
2267,-0.019999999998617568
2268,-0.030000000000654836
2269,-0.019999999998617568
2270,-0.020000000002255547
2271,-0.029999999998835847
2272,-0.020000000000436557
2273,-0.020000000000436557
2274,-0.020000000000436557
2275,-0.029999999998835847
2276,-0.020000000000436557
2277,-0.020000000000436557
2278,-0.019999999998617568
2279,-0.030000000000654836
2280,-0.019999999998617568
2281,-0.020000000002255547
2282,-0.019999999998617568
2283,-0.020000000000436557
2284,-0.030000000000654836
2285,-0.020000000000436557
2286,-0.019999999998617568
2287,-0.020000000000436557
2288,-0.020000000000436557
2289,-0.029999999998835847
2290,-0.020000000000436557
2291,-0.020000000000436557
2292,-0.020000000000436557
2293,-0.019999999998617568
2294,-0.020000000000436557
2295,-0.020000000000436557
2296,-0.030000000000654836
2297,-0.019999999998617568
2298,-0.020000000000436557
2299,-0.020000000000436557
2300,-0.020000000000436557
2301,-0.019999999998617568
2302,-0.020000000000436557
2303,-0.020000000000436557
2304,-0.020000000000436557
2305,-0.019999999998617568
2306,-0.020000000000436557
2307,-0.020000000000436557
2308,-0.020000000000436557
2309,-0.029999999998835847
2310,-0.020000000000436557
2311,-0.020000000000436557
2312,-0.010000000000218279
2313,-0.020000000000436557
2314,-0.019999999998617568
2315,-0.020000000000436557
2316,-0.019999999998617568
2317,-0.020000000002255547
2318,-0.019999999998617568
2319,-0.020000000000436557
2320,-0.019999999998617568
2321,-0.020000000002255547
2322,-0.019999999998617568
2323,-0.020000000000436557
2324,-0.020000000000436557
2325,-0.020000000000436557
2326,-0.019999999998617568
2327,-0.020000000000436557
2328,-0.020000000000436557
2329,-0.020000000000436557
2330,-0.019999999998617568
2331,-0.010000000000218279
2332,-0.020000000000436557
2333,-0.019999999998617568
2334,-0.020000000002255547
2335,-0.019999999998617568
2336,-0.020000000000436557
2337,-0.010000000000218279
2338,-0.020000000000436557
2339,-0.020000000000436557
2340,-0.019999999998617568
2341,-0.020000000000436557
2342,-0.019999999998617568
2343,-0.010000000002037268
2344,-0.019999999998617568
2345,-0.020000000000436557
2346,-0.020000000000436557
2347,-0.00999999999839929
2348,-0.020000000002255547
2349,-0.019999999998617568
2350,-0.020000000000436557
2351,-0.010000000000218279
2352,-0.020000000000436557
2353,-0.020000000000436557
2354,-0.019999999998617568
2355,-0.010000000000218279
2356,-0.020000000000436557
2357,-0.020000000000436557
2358,-0.010000000000218279
2359,-0.019999999998617568
2360,-0.020000000000436557
2361,-0.019999999998617568
2362,-0.010000000002037268
2363,-0.020000000000436557
2364,-0.019999999998617568
2365,-0.010000000000218279
2366,-0.020000000000436557
2367,-0.010000000000218279
2368,-0.020000000000436557
2369,-0.019999999998617568
2370,-0.020000000000436557
2371,-0.010000000000218279
2372,-0.020000000000436557
2373,-0.019999999998617568
2374,-0.020000000000436557
2375,-0.010000000000218279
2376,-0.019999999998617568
2377,-0.020000000002255547
2378,-0.019999999998617568
2379,-0.010000000000218279
2380,-0.020000000000436557
2381,-0.020000000000436557
2382,-0.020000000000436557
2383,-0.019999999998617568
2384,-0.020000000000436557
2385,-0.010000000000218279
2386,-0.020000000000436557
2387,-0.019999999998617568
2388,-0.020000000000436557
2389,-0.020000000000436557
2390,-0.020000000000436557
2391,-0.020000000000436557
2392,-0.019999999998617568
2393,-0.020000000000436557
2394,-0.020000000000436557
2395,-0.020000000000436557
2396,-0.019999999998617568
2397,-0.020000000000436557
2398,-0.019999999998617568
2399,-0.010000000002037268
2400,-0.029999999998835847
2401,-0.020000000000436557
2402,-0.019999999998617568
2403,-0.020000000002255547
2404,-0.019999999998617568
2405,-0.020000000000436557
2406,-0.020000000000436557
2407,-0.020000000000436557
2408,-0.019999999998617568
2409,-0.020000000000436557
2410,-0.029999999998835847
2411,-0.020000000002255547
2412,-0.019999999998617568
2413,-0.020000000000436557
2414,-0.019999999998617568
2415,-0.020000000002255547
2416,-0.029999999998835847
2417,-0.020000000000436557
2418,-0.020000000000436557
2419,-0.020000000000436557
2420,-0.029999999998835847
2421,-0.020000000000436557
2422,-0.020000000000436557
2423,-0.029999999998835847
2424,-0.020000000000436557
2425,-0.019999999998617568
2426,-0.020000000002255547
2427,-0.029999999998835847
2428,-0.020000000000436557
2429,-0.020000000000436557
2430,-0.029999999998835847
2431,-0.020000000000436557
2432,-0.029999999998835847
2433,-0.020000000002255547
2434,-0.019999999998617568
2435,-0.030000000000654836
2436,-0.020000000000436557
2437,-0.029999999998835847
2438,-0.020000000000436557
2439,-0.030000000000654836
2440,-0.020000000000436557
2441,-0.029999999998835847
2442,-0.020000000000436557
2443,-0.030000000000654836
2444,-0.019999999998617568
2445,0.7100000000009459
2446,0.0
2447,0.0
2448,0.0
2449,-0.010000000002037268
2450,0.0
2451,0.0
2452,0.0
2453,-0.010000000000218279
2454,0.0
2455,0.0
2456,-0.010000000000218279
2457,0.0
2458,0.0
2459,0.0
2460,-0.00999999999839929
2461,0.0
2462,0.0
2463,-0.010000000000218279
2464,0.0
2465,0.0
2466,-0.010000000000218279
2467,0.0
2468,0.0
2469,-0.010000000000218279
2470,0.0
2471,0.0
2472,-0.010000000000218279
2473,0.0
2474,0.0
2475,-0.010000000000218279
2476,0.0
2477,0.0
2478,0.0
2479,-0.010000000000218279
2480,0.0
2481,0.0
2482,-0.010000000000218279
2483,0.0
2484,0.0
2485,-0.00999999999839929
2486,0.0
2487,0.0
2488,-0.010000000000218279
2489,0.0
2490,0.0
2491,0.0
2492,-0.010000000000218279
2493,0.0
2494,0.0
2495,-0.010000000000218279
2496,0.0
2497,0.0
2498,-0.010000000000218279
2499,0.0
2500,0.0
2501,0.0
2502,-0.00999999999839929
2503,0.0
2504,0.0
2505,-0.010000000002037268
2506,0.0
2507,0.0
2508,0.0
2509,-0.010000000000218279
2510,0.0
2511,0.0
2512,0.0
2513,-0.00999999999839929
2514,0.0
2515,0.0
2516,-0.010000000000218279
2517,0.0
2518,0.0
2519,0.0
2520,-0.010000000000218279
2521,0.0
2522,0.0
2523,0.0
2524,-0.010000000000218279
2525,0.0
2526,0.0
2527,0.0
2528,-0.010000000000218279
2529,0.0
2530,0.0
2531,0.0
2532,-0.00999999999839929
2533,0.0
2534,0.0
2535,0.0
2536,-0.010000000002037268
2537,0.0
2538,0.0
2539,0.0
2540,-0.010000000000218279
2541,0.0
2542,0.0
2543,0.0
2544,-0.010000000000218279
2545,0.0
2546,0.0
2547,0.0
2548,-0.00999999999839929
2549,0.0
2550,0.0
2551,0.0
2552,-0.010000000000218279
2553,0.0
2554,0.0
2555,0.0
2556,-0.010000000000218279
2557,0.0
2558,0.0
2559,0.0
2560,-0.010000000000218279
2561,0.0
2562,0.0
2563,-0.010000000000218279
2564,0.0
2565,-0.010000000000218279
2566,0.2900000000008731
2567,-0.020000000000436557
2568,-0.010000000000218279
2569,-0.010000000000218279
2570,-0.010000000000218279
2571,-0.019999999998617568
2572,-0.010000000000218279
2573,-0.010000000000218279
2574,-0.020000000000436557
2575,-0.00999999999839929
2576,-0.010000000002037268
2577,-0.010000000000218279
2578,-0.019999999998617568
2579,-0.010000000000218279
2580,-0.010000000000218279
2581,-0.019999999998617568
2582,-0.010000000002037268
2583,-0.020000000000436557
2584,-0.00999999999839929
2585,-0.020000000000436557
2586,-0.010000000000218279
2587,-0.010000000000218279
2588,-0.020000000000436557
2589,-0.010000000000218279
2590,-0.019999999998617568
2591,-0.010000000000218279
2592,-0.020000000000436557
2593,-0.020000000000436557
2594,-0.010000000000218279
2595,-0.019999999998617568
2596,-0.010000000000218279
2597,-0.020000000000436557
2598,-0.00999999999839929
2599,-0.020000000002255547
2600,-0.019999999998617568
2601,-0.010000000000218279
2602,-0.020000000000436557
2603,-0.020000000000436557
2604,-0.020000000000436557
2605,-0.00999999999839929
2606,-0.020000000000436557
2607,-0.020000000000436557
2608,-0.00999999999839929
2609,-0.020000000002255547
2610,-0.019999999998617568
2611,-0.020000000000436557
2612,-0.019999999998617568
2613,-0.010000000002037268
2614,-0.020000000000436557
2615,-0.019999999998617568
2616,-0.020000000000436557
2617,-0.020000000000436557
2618,-0.020000000000436557
2619,-0.00999999999839929
2620,-0.020000000000436557
2621,-0.020000000000436557
2622,-0.020000000000436557
2623,-0.019999999998617568
2624,-0.020000000000436557
2625,-0.020000000000436557
2626,-0.020000000000436557
2627,-0.020000000000436557
2628,-0.019999999998617568
2629,-0.020000000000436557
2630,-0.020000000000436557
2631,-0.020000000000436557
2632,-0.029999999998835847
2633,-0.020000000000436557
2634,-0.020000000000436557
2635,-0.019999999998617568
2636,-0.020000000000436557
2637,-0.020000000000436557
2638,-0.020000000000436557
2639,-0.020000000000436557
2640,-0.029999999998835847
2641,-0.020000000000436557
2642,-0.020000000000436557
2643,-0.019999999998617568
2644,-0.030000000000654836
2645,-0.019999999998617568
2646,-0.020000000002255547
2647,-0.019999999998617568
2648,-0.030000000000654836
2649,-0.020000000000436557
2650,-0.020000000000436557
2651,-0.019999999998617568
2652,-0.020000000000436557
2653,-0.020000000000436557
2654,-0.029999999998835847
2655,-0.020000000000436557
2656,-0.020000000000436557
2657,-0.020000000000436557
2658,-0.019999999998617568
2659,-0.030000000000654836
2660,-0.019999999998617568
2661,-0.020000000002255547
2662,-0.019999999998617568
2663,-0.020000000000436557
2664,-0.020000000000436557
2665,-0.020000000000436557
2666,-0.019999999998617568
2667,-0.020000000000436557
2668,-0.020000000000436557
2669,-0.020000000000436557
2670,-0.019999999998617568
2671,-0.010000000000218279
2672,-0.020000000000436557
2673,-0.019999999998617568
2674,-0.020000000002255547
2675,-0.019999999998617568
2676,-0.020000000000436557
2677,-0.020000000000436557
2678,-0.010000000000218279
2679,-0.020000000000436557
2680,-0.019999999998617568
2681,-0.020000000000436557
2682,-0.010000000000218279
2683,-0.020000000000436557
2684,-0.019999999998617568
2685,-0.010000000000218279
2686,-0.020000000000436557
2687,-0.019999999998617568
2688,-0.020000000002255547
2689,-0.010000000000218279
2690,-0.019999999998617568
2691,-0.010000000000218279
2692,-0.020000000000436557
2693,-0.010000000000218279
2694,-0.020000000000436557
2695,-0.00999999999839929
2696,-0.020000000000436557
2697,-0.020000000000436557
2698,-0.00999999999839929
2699,-0.020000000002255547
2700,-0.00999999999839929
2701,-0.010000000000218279
2702,-0.020000000000436557
2703,-0.010000000000218279
2704,-0.00999999999839929
2705,-0.020000000002255547
2706,-0.010000000000218279
2707,-0.019999999998617568
2708,-0.010000000000218279
2709,-0.010000000000218279
2710,-0.020000000000436557
2711,-0.010000000000218279
2712,-0.010000000000218279
2713,-0.00999999999839929
2714,-0.010000000000218279
2715,-0.020000000000436557
2716,-0.010000000000218279
2717,-0.00999999999839929
2718,-0.010000000002037268
2719,-0.019999999998617568
2720,-0.010000000000218279
2721,-0.010000000000218279
2722,-0.010000000000218279
2723,-0.010000000000218279
2724,-0.00999999999839929
2725,-0.010000000002037268
2726,-0.010000000000218279
2727,-0.010000000000218279
2728,-0.00999999999839929
2729,-0.010000000000218279
2730,-0.010000000000218279
2731,-0.010000000000218279
2732,-0.010000000000218279
2733,-0.010000000000218279
2734,-0.010000000000218279
2735,-0.010000000000218279
2736,0.0
2737,-0.00999999999839929
2738,-0.010000000000218279
2739,-0.010000000000218279
2740,-0.010000000000218279
2741,-0.010000000000218279
2742,-0.00999999999839929
2743,0.0
2744,-0.010000000002037268
2745,-0.010000000000218279
2746,-0.00999999999839929
2747,-0.010000000000218279
2748,0.0
2749,-0.010000000000218279
2750,-0.010000000000218279
2751,-0.010000000000218279
2752,-0.00999999999839929
2753,0.0
2754,-0.010000000002037268
2755,-0.010000000000218279
2756,-0.010000000000218279
2757,-0.00999999999839929
2758,-0.010000000000218279
2759,0.0
2760,-0.010000000000218279
2761,-0.010000000000218279
2762,-0.010000000000218279
2763,-0.010000000000218279
2764,-0.010000000000218279
2765,-0.010000000000218279
2766,-0.00999999999839929
2767,0.0
2768,-0.010000000000218279
2769,-0.010000000000218279
2770,-0.010000000000218279
2771,-0.010000000000218279
2772,-0.00999999999839929
2773,-0.010000000002037268
2774,-0.010000000000218279
2775,0.0
2776,-0.00999999999839929
2777,-0.010000000000218279
2778,-0.010000000000218279
2779,-0.010000000000218279
2780,-0.010000000000218279
2781,-0.00999999999839929
2782,-0.010000000002037268
2783,-0.010000000000218279
2784,-0.010000000000218279
2785,-0.00999999999839929
2786,-0.010000000000218279
2787,-0.010000000000218279
2788,0.0
2789,-0.010000000000218279
2790,-0.010000000000218279
2791,-0.010000000000218279
2792,-0.010000000000218279
2793,-0.010000000000218279
2794,-0.00999999999839929
2795,-0.010000000000218279
2796,-0.010000000000218279
2797,-0.010000000000218279
2798,-0.010000000000218279
2799,-0.00999999999839929
2800,-0.010000000002037268
2801,-0.010000000000218279
2802,-0.00999999999839929
2803,-0.010000000000218279
2804,-0.010000000000218279
2805,-0.010000000000218279
2806,-0.010000000000218279
2807,-0.00999999999839929
2808,-0.010000000002037268
2809,-0.010000000000218279
2810,-0.010000000000218279
2811,-0.00999999999839929
2812,-0.010000000000218279
2813,-0.010000000000218279
2814,-0.010000000000218279
2815,-0.010000000000218279
2816,-0.010000000000218279
2817,-0.010000000000218279
2818,-0.010000000000218279
2819,-0.00999999999839929
2820,-0.010000000000218279
2821,-0.010000000000218279
2822,-0.020000000000436557
2823,-0.00999999999839929
2824,-0.010000000002037268
2825,-0.010000000000218279
2826,-0.00999999999839929
2827,-0.010000000000218279
2828,-0.010000000000218279
2829,-0.010000000000218279
2830,-0.010000000000218279
2831,-0.00999999999839929
2832,-0.010000000002037268
2833,-0.010000000000218279
2834,-0.010000000000218279
2835,-0.00999999999839929
2836,-0.020000000000436557
2837,-0.010000000000218279
2838,-0.010000000000218279
2839,-0.010000000000218279
2840,-0.010000000000218279
2841,-0.010000000000218279
2842,-0.00999999999839929
2843,-0.010000000000218279
2844,-0.010000000000218279
2845,-0.010000000000218279
2846,-0.010000000000218279
2847,-0.00999999999839929
2848,-0.010000000002037268
2849,-0.010000000000218279
2850,-0.00999999999839929
2851,-0.010000000000218279
2852,-0.010000000000218279
2853,-0.010000000000218279
2854,-0.010000000000218279
2855,-0.00999999999839929
2856,-0.010000000002037268
2857,0.0
2858,-0.010000000000218279
2859,-0.010000000000218279
2860,-0.00999999999839929
2861,-0.010000000000218279
2862,-0.010000000000218279
2863,-0.010000000000218279
2864,0.0
2865,-0.010000000000218279
2866,-0.010000000000218279
2867,-0.010000000000218279
2868,-0.010000000000218279
2869,-0.00999999999839929
2870,0.0
2871,-0.010000000000218279
2872,-0.010000000000218279
2873,-0.010000000000218279
2874,0.0
2875,-0.010000000000218279
2876,-0.00999999999839929
2877,-0.010000000002037268
2878,0.0
2879,-0.010000000000218279
2880,-0.00999999999839929
2881,0.0
2882,-0.010000000000218279
2883,-0.010000000000218279
2884,0.0
2885,-0.010000000000218279
2886,-0.010000000000218279
2887,0.0
2888,-0.00999999999839929
2889,-0.010000000002037268
2890,0.0
2891,-0.010000000000218279
2892,0.0
2893,-0.010000000000218279
2894,-0.00999999999839929
2895,0.0
2896,-0.010000000000218279
2897,0.0
2898,-0.010000000000218279
2899,0.0
2900,-0.010000000000218279
2901,0.0
2902,-0.010000000000218279
2903,0.0
2904,-0.010000000000218279
2905,0.0
2906,-0.010000000000218279
2907,0.0
2908,-0.010000000000218279
2909,0.0
2910,0.0
2911,-0.00999999999839929
2912,0.0
2913,-0.010000000000218279
2914,0.0
2915,0.0
2916,-0.010000000000218279
2917,0.0
2918,-0.010000000000218279
2919,0.0
2920,0.0
2921,-0.010000000000218279
2922,0.0
2923,0.0
2924,0.0
2925,-0.00999999999839929
2926,0.0
2927,0.0
2928,-0.010000000002037268
2929,0.0
2930,0.0
2931,0.0
2932,-0.010000000000218279
2933,0.0
2934,0.0
2935,0.0
2936,-0.00999999999839929
2937,0.0
2938,0.0
2939,0.0
2940,-0.010000000000218279
2941,0.0
2942,0.0
2943,0.0
2944,-0.010000000000218279
2945,0.0
2946,0.0
2947,0.0
2948,-0.010000000000218279
2949,0.0
2950,0.0
2951,-0.010000000000218279
2952,0.0
2953,0.0
2954,0.0
2955,-0.00999999999839929
2956,0.0
2957,0.0
2958,0.0
2959,-0.010000000002037268
2960,0.0
2961,0.0
2962,-0.010000000000218279
2963,0.0
2964,0.0
2965,0.0
2966,-0.010000000000218279
2967,0.0
2968,0.0
2969,-0.00999999999839929
2970,0.0
2971,0.0
2972,0.0
2973,-0.010000000000218279
2974,0.0
2975,0.0
2976,-0.010000000000218279
2977,0.0
2978,0.0
2979,-0.010000000000218279
2980,0.0
2981,0.0
2982,0.0
2983,-0.010000000000218279
2984,0.0
2985,0.0
2986,-0.010000000000218279
2987,0.0
2988,0.0
2989,-0.010000000000218279
2990,0.0
2991,0.0
2992,-0.010000000000218279
2993,0.0
2994,0.0
2995,-0.00999999999839929
2996,0.0
2997,0.0
2998,-0.010000000000218279
2999,0.0
3000,0.0
3001,-0.010000000000218279
3002,0.0
3003,0.0
3004,-0.010000000000218279
3005,0.0
3006,0.0
3007,0.0
3008,-0.010000000000218279
3009,0.0
3010,0.0
3011,-0.00999999999839929
3012,0.0
3013,-0.010000000002037268
3014,0.0
3015,0.0
3016,-0.010000000000218279
3017,0.0
3018,0.0
3019,-0.00999999999839929
3020,0.0
3021,0.0
3022,-0.010000000000218279
3023,0.0
3024,0.0
3025,-0.010000000000218279
3026,0.0
3027,0.0
3028,-0.010000000000218279
3029,0.0
3030,0.0
3031,-0.010000000000218279
3032,0.0
3033,0.0
3034,0.0
3035,-0.00999999999839929
3036,0.0
3037,0.0
3038,-0.010000000002037268
3039,0.0
3040,0.0
3041,0.0
3042,-0.010000000000218279
3043,0.0
3044,0.0
3045,0.0
3046,-0.010000000000218279
3047,0.0
3048,0.0
3049,0.0
3050,0.0
3051,-0.00999999999839929
3052,0.0
3053,0.0
3054,0.0
3055,0.0
3056,0.0
3057,-0.010000000000218279
3058,0.0
3059,0.0
3060,0.0
3061,0.0
3062,0.0
3063,0.0
3064,-0.010000000000218279
3065,0.0
3066,0.0
3067,0.0
3068,0.0
3069,0.0
3070,0.0
3071,0.0
3072,0.0
3073,0.0
3074,0.0
3075,0.0
3076,-0.010000000000218279
3077,0.0
3078,0.0
3079,0.0
3080,0.0
3081,0.0
3082,0.0
3083,0.0
3084,0.0
3085,0.0
3086,0.0
3087,0.0
3088,0.0
3089,0.0
3090,0.0
3091,0.0
3092,0.0
3093,0.010000000000218279
3094,0.0
3095,0.0
3096,0.0
3097,0.0
3098,0.0
3099,0.0
3100,0.0
3101,0.0
3102,0.0
3103,0.0
3104,0.0
3105,0.010000000000218279
3106,0.0
3107,0.0
3108,0.0
3109,0.0
3110,0.0
3111,0.0
3112,0.010000000000218279
3113,0.0
3114,0.0
3115,0.0
3116,0.0
3117,0.0
3118,0.00999999999839929
3119,0.0
3120,0.0
3121,0.0
3122,0.0
3123,0.0
3124,0.0
3125,0.0
3126,0.0
3127,0.010000000000218279
3128,0.0
3129,0.0
3130,0.0
3131,0.0
3132,0.0
3133,0.0
3134,0.0
3135,0.0
3136,0.0
3137,0.0
3138,-0.010000000000218279
3139,0.0
3140,0.0
3141,0.0
3142,0.0
3143,0.0
3144,0.0
3145,0.0
3146,-0.00999999999839929
3147,0.0
3148,0.0
3149,0.0
3150,0.0
3151,-0.010000000000218279
3152,0.0
3153,0.0
3154,0.0
3155,-0.010000000000218279
3156,0.0
3157,0.0
3158,-0.010000000000218279
3159,0.0
3160,0.0
3161,-0.010000000000218279
3162,0.0
3163,0.0
3164,-0.010000000000218279
3165,0.0
3166,-0.010000000000218279
3167,0.0
3168,0.0
3169,-0.010000000000218279
3170,0.0
3171,-0.00999999999839929
3172,0.0
3173,-0.010000000000218279
3174,-0.010000000000218279
3175,0.0
3176,-0.010000000000218279
3177,0.0
3178,-0.010000000000218279
3179,0.0
3180,-0.00999999999839929
3181,0.0
3182,-0.010000000002037268
3183,-0.010000000000218279
3184,0.0
3185,-0.00999999999839929
3186,-0.010000000000218279
3187,0.0
3188,-0.010000000000218279
3189,-0.010000000000218279
3190,0.0
3191,-0.010000000000218279
3192,-0.00999999999839929
3193,-0.010000000002037268
3194,-0.010000000000218279
3195,0.0
3196,-0.010000000000218279
3197,-0.00999999999839929
3198,-0.010000000000218279
3199,-0.010000000000218279
3200,0.0
3201,-0.010000000000218279
3202,-0.010000000000218279
3203,-0.010000000000218279
3204,-0.010000000000218279
3205,-0.010000000000218279
3206,-0.00999999999839929
3207,-0.010000000000218279
3208,-0.010000000000218279
3209,-0.010000000000218279
3210,-0.010000000000218279
3211,-0.00999999999839929
3212,-0.010000000002037268
3213,-0.010000000000218279
3214,-0.00999999999839929
3215,-0.010000000000218279
3216,-0.010000000000218279
3217,-0.010000000000218279
3218,-0.010000000000218279
3219,-0.00999999999839929
3220,0.0
3221,-0.010000000002037268
3222,-0.010000000000218279
3223,-0.010000000000218279
3224,-0.00999999999839929
3225,-0.010000000000218279
3226,-0.010000000000218279
3227,-0.010000000000218279
3228,-0.010000000000218279
3229,-0.010000000000218279
3230,-0.010000000000218279
3231,-0.010000000000218279
3232,-0.00999999999839929
3233,-0.010000000000218279
3234,-0.010000000000218279
3235,-0.010000000000218279
3236,-0.010000000000218279
3237,-0.00999999999839929
3238,-0.010000000002037268
3239,-0.010000000000218279
3240,-0.00999999999839929
3241,-0.010000000000218279
3242,-0.010000000000218279
3243,-0.010000000000218279
3244,-0.010000000000218279
3245,-0.00999999999839929
3246,-0.010000000002037268
3247,-0.010000000000218279
3248,-0.010000000000218279
3249,-0.00999999999839929
3250,-0.010000000000218279
3251,-0.010000000000218279
3252,0.0
3253,-0.010000000000218279
3254,-0.010000000000218279
3255,-0.010000000000218279
3256,-0.010000000000218279
3257,-0.010000000000218279
3258,-0.00999999999839929
3259,-0.010000000000218279
3260,-0.010000000000218279
3261,-0.010000000000218279
3262,-0.010000000000218279
3263,-0.00999999999839929
3264,-0.010000000002037268
3265,-0.010000000000218279
3266,-0.00999999999839929
3267,-0.010000000000218279
3268,-0.010000000000218279
3269,-0.010000000000218279
3270,0.0
3271,-0.010000000000218279
3272,-0.00999999999839929
3273,-0.010000000002037268
3274,-0.010000000000218279
3275,-0.010000000000218279
3276,-0.00999999999839929
3277,-0.010000000000218279
3278,-0.010000000000218279
3279,-0.010000000000218279
3280,-0.010000000000218279
3281,-0.010000000000218279
3282,-0.010000000000218279
3283,0.0
3284,-0.010000000000218279
3285,-0.00999999999839929
3286,-0.010000000000218279
3287,-0.010000000000218279
3288,-0.010000000000218279
3289,-0.010000000000218279
3290,-0.00999999999839929
3291,-0.010000000002037268
3292,-0.010000000000218279
3293,-0.00999999999839929
3294,0.0
3295,-0.010000000000218279
3296,-0.010000000000218279
3297,-0.010000000000218279
3298,-0.010000000000218279
3299,-0.00999999999839929
3300,-0.010000000002037268
3301,-0.010000000000218279
3302,-0.010000000000218279
3303,-0.00999999999839929
3304,0.0
3305,-0.010000000000218279
3306,-0.010000000000218279
3307,-0.010000000000218279
3308,-0.010000000000218279
3309,-0.010000000000218279
3310,-0.010000000000218279
3311,-0.010000000000218279
3312,-0.00999999999839929
3313,0.0
3314,-0.010000000000218279
3315,-0.010000000000218279
3316,-0.010000000000218279
3317,-0.010000000000218279
3318,-0.00999999999839929
3319,-0.010000000002037268
3320,0.0
3321,-0.010000000000218279
3322,-0.00999999999839929
3323,-0.010000000000218279
3324,-0.010000000000218279
3325,0.0
3326,-0.010000000000218279
3327,-0.010000000000218279
3328,-0.00999999999839929
3329,-0.010000000002037268
3330,0.0
3331,-0.010000000000218279
3332,-0.010000000000218279
3333,-0.00999999999839929
3334,0.0
3335,-0.010000000000218279
3336,-0.010000000000218279
3337,-0.010000000000218279
3338,0.0
3339,-0.010000000000218279
3340,-0.010000000000218279
3341,-0.010000000000218279
3342,0.0
3343,-0.010000000000218279
3344,-0.00999999999839929
3345,-0.010000000000218279
3346,0.0
3347,-0.010000000000218279
3348,-0.010000000000218279
3349,0.0
3350,-0.010000000000218279
3351,-0.00999999999839929
3352,0.0
3353,-0.010000000002037268
3354,-0.010000000000218279
3355,0.0
3356,-0.00999999999839929
3357,-0.010000000000218279
3358,0.0
3359,-0.010000000000218279
3360,-0.010000000000218279
3361,0.0
3362,-0.010000000000218279
3363,-0.00999999999839929
3364,0.0
3365,-0.010000000002037268
3366,0.0
3367,-0.010000000000218279
3368,-0.010000000000218279
3369,0.0
3370,-0.00999999999839929
3371,0.0
3372,-0.010000000000218279
3373,-0.010000000000218279
3374,0.0
3375,-0.010000000000218279
3376,0.0
3377,-0.010000000000218279
3378,0.0
3379,-0.010000000000218279
3380,-0.010000000000218279
3381,0.0
3382,-0.010000000000218279
3383,0.0
3384,-0.00999999999839929
3385,0.0
3386,-0.010000000000218279
3387,0.0
3388,-0.010000000000218279
3389,0.0
3390,-0.010000000000218279
3391,0.0
3392,-0.010000000000218279
3393,0.0
3394,-0.00999999999839929
3395,0.0
3396,-0.010000000002037268
3397,0.0
3398,-0.010000000000218279
3399,0.0
3400,-0.00999999999839929
3401,0.0
3402,-0.010000000000218279
3403,0.0
3404,-0.010000000000218279
3405,0.0
3406,-0.010000000000218279
3407,0.0
3408,-0.010000000000218279
3409,0.0
3410,-0.00999999999839929
3411,0.0
3412,-0.010000000002037268
3413,-0.010000000000218279
3414,0.0
3415,-0.010000000000218279
3416,0.0
3417,-0.00999999999839929
3418,-0.010000000000218279
3419,0.0
3420,-0.010000000000218279
3421,-0.010000000000218279
3422,-0.010000000000218279
3423,0.0
3424,-0.010000000000218279
3425,-0.010000000000218279
3426,0.0
3427,-0.010000000000218279
3428,-0.00999999999839929
3429,-0.010000000000218279
3430,0.0
3431,-0.010000000000218279
3432,-0.010000000000218279
3433,-0.010000000000218279
3434,-0.00999999999839929
3435,-0.010000000002037268
3436,-0.010000000000218279
3437,0.0
3438,-0.00999999999839929
3439,-0.010000000000218279
3440,-0.010000000000218279
3441,-0.010000000000218279
3442,-0.010000000000218279
3443,-0.00999999999839929
3444,-0.010000000002037268
3445,-0.010000000000218279
3446,-0.010000000000218279
3447,-0.00999999999839929
3448,-0.010000000000218279
3449,-0.010000000000218279
3450,-0.010000000000218279
3451,-0.010000000000218279
3452,-0.010000000000218279
3453,-0.010000000000218279
3454,-0.010000000000218279
3455,-0.00999999999839929
3456,-0.010000000000218279
3457,-0.010000000000218279
3458,-0.010000000000218279
3459,-0.010000000000218279
3460,-0.020000000000436557
3461,-0.010000000000218279
3462,-0.00999999999839929
3463,-0.010000000000218279
3464,-0.010000000000218279
3465,-0.010000000000218279
3466,-0.019999999998617568
3467,-0.010000000002037268
3468,-0.010000000000218279
3469,-0.010000000000218279
3470,-0.00999999999839929
3471,-0.010000000000218279
3472,-0.020000000000436557
3473,-0.010000000000218279
3474,-0.010000000000218279
3475,-0.010000000000218279
3476,-0.010000000000218279
3477,-0.00999999999839929
3478,-0.010000000000218279
3479,-0.010000000000218279
3480,-0.010000000000218279
3481,-0.010000000000218279
3482,0.0
3483,-0.00999999999839929
3484,0.0
3485,-0.010000000002037268
3486,-0.010000000000218279
3487,0.0
3488,-0.00999999999839929
3489,-0.010000000000218279
3490,0.0
3491,-0.010000000000218279
3492,-0.010000000000218279
3493,0.0
3494,-0.010000000000218279
3495,-0.00999999999839929
3496,-0.010000000002037268
3497,0.0
3498,-0.010000000000218279
3499,-0.010000000000218279
3500,0.0
3501,-0.00999999999839929
3502,0.0
3503,-0.010000000000218279
3504,0.0
3505,-0.010000000000218279
3506,-0.010000000000218279
3507,0.0
3508,-0.010000000000218279
3509,0.0
3510,-0.010000000000218279
3511,0.0
3512,0.0
3513,-0.010000000000218279
3514,0.0
3515,0.0
3516,-0.010000000000218279
3517,0.0
3518,0.0
3519,-0.00999999999839929
3520,0.0
3521,0.0
3522,0.0
3523,0.0
3524,0.0
3525,0.0
3526,0.0
3527,-0.010000000000218279
3528,0.0
3529,0.0
3530,0.0
3531,0.0
3532,0.010000000000218279
3533,0.0
3534,0.0
3535,0.0
3536,0.0
3537,0.0
3538,0.0
3539,0.0
3540,0.00999999999839929
3541,0.0
3542,0.0
3543,0.0
3544,0.010000000000218279
3545,0.0
3546,0.0
3547,0.010000000000218279
3548,0.0
3549,0.0
3550,0.010000000000218279
3551,0.0
3552,0.010000000000218279
3553,0.010000000000218279
3554,0.0
3555,0.010000000000218279
3556,0.0
3557,0.010000000000218279
3558,0.0
3559,0.00999999999839929
3560,0.0
3561,0.010000000000218279
3562,0.010000000000218279
3563,0.010000000002037268
3564,0.0
3565,0.00999999999839929
3566,0.010000000000218279
3567,0.010000000000218279
3568,0.0
3569,0.010000000000218279
3570,0.010000000000218279
3571,0.00999999999839929
3572,0.010000000000218279
3573,0.010000000002037268
3574,0.00999999999839929
3575,0.010000000000218279
3576,0.010000000000218279
3577,0.010000000000218279
3578,0.010000000000218279
3579,0.00999999999839929
3580,0.010000000000218279
3581,0.010000000000218279
3582,0.010000000000218279
3583,0.020000000000436557
3584,0.010000000000218279
3585,0.010000000000218279
3586,0.00999999999839929
3587,0.010000000000218279
3588,0.020000000002255547
3589,0.00999999999839929
3590,0.010000000000218279
3591,0.010000000000218279
3592,0.020000000000436557
3593,0.00999999999839929
3594,0.010000000000218279
3595,0.020000000000436557
3596,0.010000000000218279
3597,0.010000000000218279
3598,0.020000000000436557
3599,0.00999999999839929
3600,0.010000000000218279
3601,0.020000000000436557
3602,0.010000000000218279
3603,0.020000000000436557
3604,0.010000000000218279
3605,0.00999999999839929
3606,0.020000000000436557
3607,0.010000000002037268
3608,0.019999999998617568
3609,0.010000000000218279
3610,0.020000000000436557
3611,0.00999999999839929
3612,0.010000000000218279
3613,0.020000000000436557
3614,0.010000000000218279
3615,0.020000000000436557
3616,0.010000000000218279
3617,0.019999999998617568
3618,0.010000000000218279
3619,0.020000000000436557
3620,0.010000000000218279
3621,0.020000000000436557
3622,0.00999999999839929
3623,0.020000000000436557
3624,0.010000000002037268
3625,0.019999999998617568
3626,0.020000000000436557
3627,0.010000000000218279
3628,0.019999999998617568
3629,0.010000000002037268
3630,0.019999999998617568
3631,0.010000000000218279
3632,0.020000000000436557
3633,0.019999999998617568
3634,0.010000000000218279
3635,0.020000000000436557
3636,0.010000000000218279
3637,0.020000000000436557
3638,0.019999999998617568
3639,0.010000000000218279
3640,0.010000000002037268
3641,0.00999999999839929
3642,0.010000000000218279
3643,0.0
3644,0.010000000000218279
3645,0.010000000000218279
3646,0.010000000000218279
3647,0.00999999999839929
3648,0.0
3649,0.010000000000218279
3650,0.0
3651,0.0
3652,0.0
3653,-0.010000000000218279
3654,0.0
3655,0.0
3656,0.0
3657,0.0
3658,0.0
3659,-0.00999999999839929
3660,0.0
3661,0.0
3662,0.0
3663,0.0
3664,0.0
3665,0.0
3666,0.0
3667,-0.010000000000218279
3668,0.0
3669,0.0
3670,0.0
3671,0.0
3672,0.0
3673,0.0
3674,0.0
3675,0.0
3676,0.0
3677,0.0
3678,0.0
3679,0.0
3680,0.0
3681,0.0
3682,0.0
3683,0.0
3684,0.0
3685,0.0
3686,0.0
3687,0.0
3688,0.0
3689,0.0
3690,0.0
3691,-0.010000000000218279
3692,0.0
3693,0.0
3694,0.0
3695,0.0
3696,0.0
3697,0.0
3698,0.0
3699,-0.010000000000218279
3700,0.0
3701,0.0
3702,0.0
3703,-0.010000000000218279
3704,0.0
3705,0.0
3706,0.0
3707,-0.00999999999839929
3708,0.0
3709,0.0
3710,0.0
3711,-0.010000000002037268
3712,0.0
3713,-0.010000000000218279
3714,0.0
3715,0.0
3716,-0.010000000000218279
3717,0.0
3718,0.0
3719,-0.00999999999839929
3720,0.0
3721,-0.010000000000218279
3722,0.0
3723,-0.010000000000218279
3724,0.0
3725,-0.010000000000218279
3726,0.0
3727,-0.010000000000218279
3728,0.0
3729,-0.010000000000218279
3730,0.0
3731,-0.010000000000218279
3732,-0.010000000000218279
3733,0.0
3734,-0.00999999999839929
3735,-0.010000000000218279
3736,0.0
3737,-0.010000000000218279
3738,0.0
3739,-0.010000000000218279
3740,-0.010000000000218279
3741,-0.00999999999839929
3742,0.0
3743,-0.010000000002037268
3744,-0.010000000000218279
3745,-0.00999999999839929
3746,0.0
3747,-0.010000000000218279
3748,-0.010000000000218279
3749,-0.010000000000218279
3750,0.0
3751,-0.010000000000218279
3752,-0.00999999999839929
3753,-0.010000000002037268
3754,-0.010000000000218279
3755,-0.010000000000218279
3756,-0.00999999999839929
3757,-0.010000000000218279
3758,0.0
3759,-0.010000000000218279
3760,-0.010000000000218279
3761,-0.010000000000218279
3762,-0.010000000000218279
3763,-0.010000000000218279
3764,-0.010000000000218279
3765,-0.00999999999839929
3766,-0.010000000000218279
3767,-0.010000000000218279
3768,-0.010000000000218279
3769,-0.010000000000218279
3770,-0.020000000000436557
3771,-0.010000000000218279
3772,-0.00999999999839929
3773,-0.010000000000218279
3774,-0.010000000000218279
3775,-0.010000000000218279
3776,-0.010000000000218279
3777,-0.00999999999839929
3778,-0.020000000002255547
3779,-0.010000000000218279
3780,-0.00999999999839929
3781,-0.010000000000218279
3782,-0.010000000000218279
3783,-0.010000000000218279
3784,-0.010000000000218279
3785,-0.010000000000218279
3786,-0.010000000000218279
3787,-0.010000000000218279
3788,-0.019999999998617568
3789,-0.010000000000218279
3790,-0.010000000000218279
3791,-0.010000000000218279
3792,-0.00999999999839929
3793,-0.010000000002037268
3794,-0.010000000000218279
3795,-0.00999999999839929
3796,-0.010000000000218279
3797,-0.010000000000218279
3798,-0.010000000000218279
3799,-0.010000000000218279
3800,0.0
3801,-0.00999999999839929
3802,-0.010000000002037268
3803,-0.010000000000218279
3804,-0.010000000000218279
3805,-0.00999999999839929
3806,-0.010000000000218279
3807,-0.010000000000218279
3808,-0.010000000000218279
3809,0.0
3810,-0.010000000000218279
3811,-0.010000000000218279
3812,-0.010000000000218279
3813,0.0
3814,-0.010000000000218279
3815,-0.00999999999839929
3816,0.0
3817,-0.010000000000218279
3818,-0.010000000000218279
3819,-0.010000000000218279
3820,0.010000000000218279
3821,0.0
3822,0.010000000000218279
3823,0.0
3824,0.0
3825,0.010000000000218279
3826,0.0
3827,0.00999999999839929
3828,0.0
3829,0.0
3830,0.010000000000218279
3831,0.0
3832,0.010000000000218279
3833,0.0
3834,0.010000000000218279
3835,0.0
3836,0.010000000000218279
3837,0.0
3838,0.010000000000218279
3839,0.0
3840,0.010000000000218279
3841,0.0
3842,0.010000000000218279
3843,0.00999999999839929
3844,0.0
3845,0.010000000000218279
3846,0.0
3847,0.010000000000218279
3848,0.010000000002037268
3849,0.0
3850,0.00999999999839929
3851,0.010000000000218279
3852,0.0
3853,0.010000000000218279
3854,0.010000000000218279
3855,0.0
3856,0.010000000000218279
3857,0.00999999999839929
3858,0.010000000000218279
3859,0.0
3860,0.010000000002037268
3861,0.00999999999839929
3862,0.010000000000218279
3863,0.0
3864,0.010000000000218279
3865,0.010000000000218279
3866,0.010000000000218279
3867,0.00999999999839929
3868,0.010000000000218279
3869,0.0
3870,0.010000000000218279
3871,0.010000000000218279
3872,0.010000000000218279
3873,0.0
3874,0.010000000000218279
3875,0.010000000000218279
3876,0.010000000000218279
3877,0.00999999999839929
3878,0.0
3879,0.010000000000218279
3880,0.010000000000218279
3881,0.0
3882,0.010000000002037268
3883,0.0
3884,0.0
3885,0.00999999999839929
3886,0.0
3887,0.010000000000218279
3888,0.0
3889,0.010000000000218279
3890,0.0
3891,0.0
3892,0.0
3893,0.010000000000218279
3894,0.0
3895,0.0
3896,0.0
3897,0.0
3898,0.0
3899,0.010000000000218279
3900,-0.010000000000218279
3901,0.0
3902,0.0
3903,0.0
3904,0.0
3905,0.0
3906,0.0
3907,-0.010000000000218279
3908,0.0
3909,0.0
3910,0.0
3911,-0.010000000000218279
3912,0.0
3913,-0.010000000000218279
3914,0.0
3915,-0.00999999999839929
3916,0.0
3917,-0.010000000002037268
3918,0.0
3919,0.0
3920,-0.010000000000218279
3921,-0.010000000000218279
3922,-0.00999999999839929
3923,-0.010000000000218279
3924,0.0
3925,-0.010000000000218279
3926,-0.010000000000218279
3927,-0.010000000000218279
3928,0.0
3929,-0.010000000000218279
3930,-0.010000000000218279
3931,-0.010000000000218279
3932,-0.00999999999839929
3933,-0.010000000000218279
3934,-0.010000000000218279
3935,-0.020000000000436557
3936,-0.00999999999839929
3937,-0.010000000002037268
3938,-0.010000000000218279
3939,-0.00999999999839929
3940,-0.010000000000218279
3941,-0.020000000000436557
3942,-0.010000000000218279
3943,-0.00999999999839929
3944,-0.020000000002255547
3945,-0.010000000000218279
3946,-0.019999999998617568
3947,-0.010000000000218279
3948,-0.010000000000218279
3949,-0.020000000000436557
3950,-0.010000000000218279
3951,-0.019999999998617568
3952,-0.020000000000436557
3953,-0.010000000000218279
3954,-0.019999999998617568
3955,-0.020000000002255547
3956,-0.019999999998617568
3957,-0.010000000000218279
3958,-0.020000000000436557
3959,-0.020000000000436557
3960,-0.020000000000436557
3961,-0.00999999999839929
3962,-0.020000000000436557
3963,-0.020000000000436557
3964,0.4600000000009459
3965,-0.010000000000218279
3966,-0.020000000000436557
3967,-0.019999999998617568
3968,-0.020000000002255547
3969,-0.00999999999839929
3970,-0.010000000000218279
3971,-0.020000000000436557
3972,-0.010000000000218279
3973,-0.00999999999839929
3974,-0.010000000002037268
3975,-0.020000000000436557
3976,-0.00999999999839929
3977,-0.010000000000218279
3978,-0.010000000000218279
3979,-0.020000000000436557
3980,0.0
3981,-0.010000000000218279
3982,0.0
3983,-0.010000000000218279
3984,-0.010000000000218279
3985,0.0
3986,-0.00999999999839929
3987,-0.010000000000218279
3988,0.0
3989,-0.010000000000218279
3990,0.0
3991,0.0
3992,0.0
3993,0.0
3994,0.0
3995,0.0
3996,0.0
3997,0.0
3998,0.0
3999,0.0
4000,0.010000000000218279
4001,0.0
4002,0.010000000000218279
4003,0.00999999999839929
4004,0.0
4005,0.010000000000218279
4006,0.010000000000218279
4007,0.0
4008,0.010000000000218279
4009,0.0
4010,0.020000000000436557
4011,0.010000000000218279
4012,0.010000000000218279
4013,0.00999999999839929
4014,0.020000000000436557
4015,0.010000000002037268
4016,0.00999999999839929
4017,0.010000000000218279
4018,0.010000000000218279
4019,0.020000000000436557
4020,0.019999999998617568
4021,0.010000000002037268
4022,0.019999999998617568
4023,0.020000000000436557
4024,0.019999999998617568
4025,0.020000000000436557
4026,0.020000000000436557
4027,0.020000000000436557
4028,0.010000000000218279
4029,0.019999999998617568
4030,0.030000000000654836
4031,0.020000000000436557
4032,0.029999999998835847
4033,0.020000000002255547
4034,0.029999999998835847
4035,0.020000000000436557
4036,0.029999999998835847
4037,0.020000000000436557
4038,0.020000000000436557
4039,0.029999999998835847
4040,0.030000000000654836
4041,0.030000000000654836
4042,0.029999999998835847
4043,0.030000000000654836
4044,0.030000000000654836
4045,0.029999999998835847
4046,0.040000000000873115
4047,0.029999999998835847
4048,0.030000000000654836
4049,0.030000000000654836
4050,0.029999999998835847
4051,0.040000000000873115
4052,0.029999999998835847
4053,0.040000000000873115
4054,0.039999999999054126
4055,0.030000000002473826
4056,0.039999999999054126
4057,0.040000000000873115
4058,0.039999999999054126
4059,0.13000000000101863
4060,0.12999999999919964
4061,0.12999999999919964
4062,0.13999999999941792
4063,0.13000000000101863
4064,0.12999999999919964
4065,0.1400000000012369
4066,0.12999999999919964
4067,0.12999999999919964
4068,0.1400000000012369
4069,0.13000000000101863
4070,0.12999999999919964
4071,0.12999999999919964
4072,0.12999999999919964
4073,0.13000000000101863
4074,0.12999999999919964
4075,0.13000000000101863
4076,0.12999999999919964
4077,0.13000000000101863
4078,0.13000000000101863
4079,0.12999999999919964
4080,0.12000000000080036
4081,0.12999999999919964
4082,0.12000000000080036
4083,0.12999999999919964
4084,0.12999999999919964
4085,0.12000000000080036
4086,0.12999999999919964
4087,0.12999999999919964
4088,0.12000000000080036
4089,0.12999999999919964
4090,0.12000000000080036
4091,0.12999999999919964
4092,0.12000000000080036
4093,0.12000000000080036
4094,0.12999999999919964
4095,0.12000000000080036
4096,0.08999999999832653
4097,0.030000000002473826
4098,0.029999999998835847
4099,0.020000000000436557
4100,0.030000000000654836
4101,0.029999999998835847
4102,0.020000000000436557
4103,0.029999999998835847
4104,0.020000000000436557
4105,0.030000000000654836
4106,0.029999999998835847
4107,0.020000000000436557
4108,0.030000000000654836
4109,0.019999999998617568
4110,0.030000000000654836
4111,0.020000000000436557
4112,0.020000000000436557
4113,0.019999999998617568
4114,0.030000000000654836
4115,0.020000000000436557
4116,0.019999999998617568
4117,0.020000000000436557
4118,0.030000000000654836
4119,0.020000000000436557
4120,0.019999999998617568
4121,0.020000000002255547
4122,0.019999999998617568
4123,0.020000000000436557
4124,0.019999999998617568
4125,0.020000000000436557
4126,0.010000000000218279
4127,0.020000000000436557
4128,0.020000000000436557
4129,0.019999999998617568
4130,0.020000000002255547
4131,0.00999999999839929
4132,0.020000000000436557
4133,0.010000000000218279
4134,0.019999999998617568
4135,0.020000000002255547
4136,0.00999999999839929
4137,0.020000000000436557
4138,0.010000000000218279
4139,0.019999999998617568
4140,0.010000000000218279
4141,0.010000000000218279
4142,0.020000000000436557
4143,0.010000000000218279
4144,0.010000000000218279
4145,0.010000000000218279
4146,0.00999999999839929
4147,0.020000000000436557
4148,0.010000000002037268
4149,0.00999999999839929
4150,0.010000000000218279
4151,0.010000000000218279
4152,0.010000000000218279
4153,0.010000000000218279
4154,0.00999999999839929
4155,0.010000000000218279
4156,0.010000000002037268
4157,0.00999999999839929
4158,0.010000000000218279
4159,0.010000000000218279
4160,-3.470000000001164
4161,0.030000000000654836
4162,0.040000000000873115
4163,0.029999999998835847
4164,0.040000000000873115
4165,0.029999999998835847
4166,0.040000000000873115
4167,0.030000000000654836
4168,0.039999999999054126
4169,0.030000000000654836
4170,0.029999999998835847
4171,0.040000000000873115
4172,0.030000000000654836
4173,0.039999999999054126
4174,0.030000000000654836
4175,0.039999999999054126
4176,0.030000000000654836
4177,0.039999999999054126
4178,0.030000000000654836
4179,0.040000000000873115
4180,0.039999999999054126
4181,0.030000000000654836
4182,0.039999999999054126
4183,0.030000000000654836
4184,0.039999999999054126
4185,0.030000000000654836
4186,0.040000000000873115
4187,0.030000000000654836
4188,0.039999999999054126
4189,0.029999999998835847
4190,0.040000000000873115
4191,0.039999999999054126
4192,0.030000000000654836
4193,0.040000000000873115
4194,0.030000000000654836
4195,0.039999999999054126
4196,0.039999999999054126
4197,0.030000000000654836
4198,0.039999999999054126
4199,0.030000000000654836
4200,0.040000000000873115
4201,0.039999999999054126
4202,0.030000000000654836
4203,0.039999999999054126
4204,0.040000000000873115
4205,0.029999999998835847
4206,0.040000000000873115
4207,0.030000000000654836
4208,0.039999999999054126
4209,0.040000000000873115
4210,0.029999999998835847
4211,0.040000000000873115
4212,0.039999999999054126
4213,0.030000000000654836
4214,0.039999999999054126
4215,0.040000000000873115
4216,0.039999999999054126
4217,0.030000000000654836
4218,0.040000000000873115
4219,0.040000000000873115
4220,0.029999999998835847
4221,0.039999999999054126
4222,0.040000000000873115
4223,0.039999999999054126
4224,0.030000000000654836
4225,0.039999999999054126
4226,0.040000000000873115
4227,0.030000000000654836
4228,0.040000000000873115
4229,0.039999999999054126
4230,0.039999999999054126
4231,0.030000000000654836
4232,0.039999999999054126
4233,0.040000000000873115
4234,0.039999999999054126
4235,0.040000000000873115
4236,0.030000000000654836
4237,0.039999999999054126
4238,0.040000000000873115
4239,0.040000000000873115
4240,0.029999999998835847
4241,0.039999999999054126
4242,0.040000000000873115
4243,0.039999999999054126
4244,0.040000000000873115
4245,0.039999999999054126
4246,0.030000000000654836
4247,0.040000000000873115
4248,0.039999999999054126
4249,0.040000000000873115
4250,0.039999999999054126
4251,0.030000000000654836
4252,0.039999999999054126
4253,0.040000000000873115
4254,0.039999999999054126
4255,0.040000000000873115
4256,0.039999999999054126
4257,0.030000000000654836
4258,0.039999999999054126
4259,0.040000000000873115
4260,0.040000000000873115
4261,0.039999999999054126
4262,0.030000000000654836
4263,0.039999999999054126
4264,0.040000000000873115
4265,0.039999999999054126
4266,0.040000000000873115
4267,0.029999999998835847
4268,0.040000000000873115
4269,0.039999999999054126
4270,0.040000000000873115
4271,0.039999999999054126
4272,0.030000000002473826
4273,0.039999999999054126
4274,0.040000000000873115
4275,0.039999999999054126
4276,0.029999999998835847
4277,0.040000000000873115
4278,0.039999999999054126
4279,0.040000000000873115
4280,0.039999999999054126
4281,0.030000000000654836
4282,0.040000000000873115
4283,0.039999999999054126
4284,0.040000000000873115
4285,0.029999999998835847
4286,0.040000000000873115
4287,0.039999999999054126
4288,0.040000000000873115
4289,0.029999999998835847
4290,0.040000000000873115
4291,0.039999999999054126
4292,0.040000000000873115
4293,0.030000000000654836
4294,0.040000000000873115
4295,0.039999999999054126
4296,0.029999999998835847
4297,0.040000000000873115
4298,0.039999999999054126
4299,0.040000000000873115
4300,0.030000000000654836
4301,0.039999999999054126
4302,0.040000000000873115
4303,0.029999999998835847
4304,0.040000000000873115
4305,0.039999999999054126
4306,0.040000000000873115
4307,0.029999999998835847
4308,0.040000000000873115
4309,0.039999999999054126
4310,0.030000000000654836
4311,0.040000000000873115
4312,0.040000000000873115
4313,0.039999999999054126
4314,0.029999999998835847
4315,0.040000000000873115
4316,0.039999999999054126
4317,0.030000000000654836
4318,0.039999999999054126
4319,0.040000000000873115
4320,0.030000000000654836
4321,0.040000000000873115
4322,0.039999999999054126
4323,0.029999999998835847
4324,0.040000000000873115
4325,0.039999999999054126
4326,0.030000000000654836
4327,0.040000000000873115
4328,0.039999999999054126
4329,0.030000000000654836
4330,0.039999999999054126
4331,0.040000000000873115
4332,0.029999999998835847
4333,0.040000000000873115
4334,0.039999999999054126
4335,0.030000000000654836
4336,0.040000000000873115
4337,0.039999999999054126
4338,0.030000000000654836
4339,0.039999999999054126
4340,0.030000000000654836
4341,0.039999999999054126
4342,0.040000000000873115
4343,0.030000000000654836
4344,0.039999999999054126
4345,0.030000000000654836
4346,0.039999999999054126
4347,0.040000000000873115
4348,0.029999999998835847
4349,0.040000000000873115
4350,0.030000000000654836
4351,0.029999999998835847
4352,0.040000000000873115
4353,0.029999999998835847
4354,0.040000000000873115
4355,0.030000000000654836
4356,0.030000000000654836
4357,0.039999999999054126
4358,0.029999999998835847
4359,0.040000000000873115
4360,0.029999999998835847
4361,0.030000000002473826
4362,0.029999999998835847
4363,0.029999999998835847
4364,0.040000000000873115
4365,0.030000000000654836
4366,0.029999999998835847
4367,0.030000000000654836
4368,0.029999999998835847
4369,0.040000000000873115
4370,0.030000000000654836
4371,0.029999999998835847
4372,0.030000000000654836
4373,0.030000000000654836
4374,0.029999999998835847
4375,0.030000000000654836
4376,0.029999999998835847
4377,0.030000000002473826
4378,0.029999999998835847
4379,0.029999999998835847
4380,0.030000000000654836
4381,0.020000000000436557
4382,0.029999999998835847
4383,0.030000000000654836
4384,0.030000000000654836
4385,0.029999999998835847
4386,0.020000000002255547
4387,0.029999999998835847
4388,0.029999999998835847
4389,0.030000000000654836
4390,0.020000000000436557
4391,0.029999999998835847
4392,0.030000000000654836
4393,0.020000000000436557
4394,0.029999999998835847
4395,0.030000000002473826
4396,0.019999999998617568
4397,0.030000000000654836
4398,0.019999999998617568
4399,0.030000000000654836
4400,0.020000000000436557
4401,0.029999999998835847
4402,0.020000000000436557
4403,0.030000000000654836
4404,0.019999999998617568
4405,0.030000000002473826
4406,0.019999999998617568
4407,0.020000000000436557
4408,0.029999999998835847
4409,0.020000000000436557
4410,0.020000000000436557
4411,0.029999999998835847
4412,0.020000000000436557
4413,0.020000000000436557
4414,0.020000000000436557
4415,0.029999999998835847
4416,0.020000000002255547
4417,0.019999999998617568
4418,0.020000000000436557
4419,0.019999999998617568
4420,0.030000000000654836
4421,0.020000000000436557
4422,0.020000000000436557
4423,0.019999999998617568
4424,0.020000000000436557
4425,0.020000000000436557
4426,0.020000000000436557
4427,0.019999999998617568
4428,0.020000000002255547
4429,0.019999999998617568
4430,0.020000000000436557
4431,0.010000000000218279
4432,0.019999999998617568
4433,0.020000000000436557
4434,0.020000000000436557
4435,0.020000000000436557
4436,0.019999999998617568
4437,0.020000000000436557
4438,0.010000000000218279
4439,0.020000000000436557
4440,0.019999999998617568
4441,0.020000000000436557
4442,0.010000000002037268
4443,0.019999999998617568
4444,0.020000000000436557
4445,0.010000000000218279
4446,0.019999999998617568
4447,0.020000000000436557
4448,0.020000000000436557
4449,0.010000000000218279
4450,0.019999999998617568
4451,0.020000000000436557
4452,0.010000000000218279
4453,0.020000000000436557
4454,0.010000000000218279
4455,0.019999999998617568
4456,0.020000000000436557
4457,0.010000000002037268
4458,0.019999999998617568
4459,0.010000000000218279
4460,0.020000000000436557
4461,0.00999999999839929
4462,0.020000000002255547
4463,0.00999999999839929
4464,0.020000000000436557
4465,0.010000000000218279
4466,0.019999999998617568
4467,0.010000000000218279
4468,0.020000000000436557
4469,0.010000000000218279
4470,0.020000000000436557
4471,0.010000000000218279
4472,0.019999999998617568
4473,0.010000000000218279
4474,0.010000000002037268
4475,0.019999999998617568
4476,0.010000000000218279
4477,0.020000000000436557
4478,0.00999999999839929
4479,0.010000000000218279
4480,0.020000000000436557
4481,0.010000000000218279
4482,0.010000000000218279
4483,0.020000000000436557
4484,0.00999999999839929
4485,0.010000000000218279
4486,0.010000000000218279
4487,0.020000000000436557
4488,0.010000000000218279
4489,0.010000000000218279
4490,0.019999999998617568
4491,0.010000000000218279
4492,0.010000000000218279
4493,0.010000000002037268
4494,0.00999999999839929
4495,0.010000000000218279
4496,0.020000000000436557
4497,0.010000000000218279
4498,0.00999999999839929
4499,0.010000000000218279
4500,0.010000000002037268
4501,0.00999999999839929
4502,0.010000000000218279
4503,0.020000000000436557
4504,0.010000000000218279
4505,0.00999999999839929
4506,0.010000000000218279
4507,0.010000000000218279
4508,0.010000000000218279
4509,0.010000000000218279
4510,0.010000000000218279
4511,0.010000000000218279
4512,0.010000000000218279
4513,0.00999999999839929
4514,0.010000000000218279
4515,0.010000000000218279
4516,0.010000000002037268
4517,0.00999999999839929
4518,0.010000000000218279
4519,0.010000000000218279
4520,0.010000000000218279
4521,0.010000000000218279
4522,0.0
4523,0.00999999999839929
4524,0.010000000000218279
4525,0.010000000002037268
4526,0.00999999999839929
4527,0.010000000000218279
4528,0.010000000000218279
4529,0.010000000000218279
4530,0.0
4531,0.010000000000218279
4532,0.00999999999839929
4533,0.010000000000218279
4534,0.010000000000218279
4535,0.010000000000218279
4536,0.010000000000218279
4537,0.0
4538,0.010000000000218279
4539,0.010000000000218279
4540,0.010000000000218279
4541,0.00999999999839929
4542,0.010000000000218279
4543,0.010000000000218279
4544,0.010000000002037268
4545,0.00999999999839929
4546,0.010000000000218279
4547,0.010000000000218279
4548,0.010000000000218279
4549,0.010000000000218279
4550,0.00999999999839929
4551,0.010000000000218279
4552,0.010000000002037268
4553,0.00999999999839929
4554,0.010000000000218279
4555,0.010000000000218279
4556,0.010000000000218279
4557,0.010000000000218279
4558,0.00999999999839929
4559,0.010000000000218279
4560,0.010000000000218279
4561,0.020000000000436557
4562,0.010000000000218279
4563,0.010000000000218279
4564,0.010000000000218279
4565,0.00999999999839929
4566,0.010000000000218279
4567,0.020000000002255547
4568,0.00999999999839929
4569,0.010000000000218279
4570,0.010000000000218279
4571,0.010000000000218279
4572,0.019999999998617568
4573,0.010000000000218279
4574,0.010000000002037268
4575,0.019999999998617568
4576,0.010000000000218279
4577,0.010000000000218279
4578,0.010000000000218279
4579,0.019999999998617568
4580,0.010000000000218279
4581,0.010000000000218279
4582,0.020000000000436557
4583,0.010000000000218279
4584,0.019999999998617568
4585,0.010000000000218279
4586,0.010000000000218279
4587,0.020000000000436557
4588,0.010000000000218279
4589,0.010000000000218279
4590,0.020000000000436557
4591,0.00999999999839929
4592,0.020000000002255547
4593,0.00999999999839929
4594,0.020000000000436557
4595,0.010000000000218279
4596,0.019999999998617568
4597,0.010000000000218279
4598,0.020000000000436557
4599,0.010000000000218279
4600,0.020000000000436557
4601,0.010000000000218279
4602,0.019999999998617568
4603,0.020000000002255547
4604,0.00999999999839929
4605,0.020000000000436557
4606,0.010000000000218279
4607,0.019999999998617568
4608,0.010000000000218279
4609,0.020000000000436557
4610,0.020000000000436557
4611,0.010000000000218279
4612,0.019999999998617568
4613,0.020000000000436557
4614,0.010000000000218279
4615,0.020000000000436557
4616,0.020000000000436557
4617,0.019999999998617568
4618,0.010000000000218279
4619,0.020000000000436557
4620,0.020000000000436557
4621,0.010000000000218279
4622,0.019999999998617568
4623,0.020000000002255547
4624,0.019999999998617568
4625,0.010000000000218279
4626,-0.029999999998835847
4627,-0.040000000000873115
4628,-0.030000000000654836
4629,-0.040000000000873115
4630,-0.029999999998835847
4631,-0.040000000000873115
4632,-0.029999999998835847
4633,-0.030000000000654836
4634,-0.039999999999054126
4635,-0.030000000000654836
4636,-0.030000000000654836
4637,-0.039999999999054126
4638,-0.030000000000654836
4639,-0.039999999999054126
4640,-0.030000000000654836
4641,-0.030000000000654836
4642,-0.029999999998835847
4643,-0.039999999999054126
4644,-0.030000000002473826
4645,-0.029999999998835847
4646,-0.030000000000654836
4647,-0.029999999998835847
4648,-0.040000000000873115
4649,-0.030000000000654836
4650,-0.029999999998835847
4651,-0.029999999998835847
4652,-0.030000000002473826
4653,-0.029999999998835847
4654,-0.030000000000654836
4655,-0.029999999998835847
4656,-0.030000000000654836
4657,-0.030000000000654836
4658,-0.029999999998835847
4659,-0.030000000000654836
4660,-0.030000000000654836
4661,-0.029999999998835847
4662,-0.030000000000654836
4663,-0.030000000000654836
4664,-0.029999999998835847
4665,-0.029999999998835847
4666,-0.020000000002255547
4667,-0.029999999998835847
4668,-0.029999999998835847
4669,-0.030000000002473826
4670,-0.029999999998835847
4671,-0.030000000000654836
4672,-0.020000000000436557
4673,-0.029999999998835847
4674,-0.029999999998835847
4675,-0.020000000002255547
4676,-0.029999999998835847
4677,-0.029999999998835847
4678,-0.030000000002473826
4679,-0.019999999998617568
4680,-0.030000000000654836
4681,-0.020000000000436557
4682,-0.029999999998835847
4683,-0.020000000000436557
4684,-0.030000000000654836
4685,-0.019999999998617568
4686,-0.030000000000654836
4687,-0.030000000000654836
4688,-0.020000000000436557
4689,-0.029999999998835847
4690,-0.020000000000436557
4691,-0.020000000000436557
4692,-0.029999999998835847
4693,-0.020000000000436557
4694,-0.019999999998617568
4695,-0.030000000000654836
4696,-0.020000000000436557
4697,-0.029999999998835847
4698,-0.020000000002255547
4699,-0.019999999998617568
4700,-0.020000000000436557
4701,-0.010000000000218279
4702,-0.010000000000218279
4703,-0.010000000000218279
4704,-0.020000000000436557
4705,-0.00999999999839929
4706,-0.010000000000218279
4707,-0.010000000000218279
4708,-0.020000000000436557
4709,-0.00999999999839929
4710,-0.010000000002037268
4711,0.0
4712,-0.010000000000218279
4713,-0.00999999999839929
4714,-0.010000000000218279
4715,0.0
4716,-0.010000000000218279
4717,-0.010000000000218279
4718,0.0
4719,-0.010000000000218279
4720,-0.00999999999839929
4721,0.0
4722,-0.010000000002037268
4723,-0.010000000000218279
4724,0.0
4725,-0.010000000000218279
4726,0.0
4727,-0.00999999999839929
4728,-0.010000000000218279
4729,0.0
4730,-0.010000000000218279
4731,0.0
4732,-0.010000000000218279
4733,-0.010000000000218279
4734,0.0
4735,-0.010000000000218279
4736,0.0
4737,-0.010000000000218279
4738,0.0
4739,-0.010000000000218279
4740,-0.00999999999839929
4741,0.0
4742,-0.010000000000218279
4743,0.0
4744,-0.010000000000218279
4745,0.0
4746,-0.010000000000218279
4747,0.0
4748,-0.010000000000218279
4749,-0.00999999999839929
4750,0.0
4751,-0.010000000002037268
4752,0.0
4753,-0.010000000000218279
4754,0.0
4755,-0.00999999999839929
4756,0.0
4757,-0.010000000000218279
4758,0.0
4759,-0.010000000000218279
4760,0.0
4761,-0.010000000000218279
4762,0.0
4763,-0.010000000000218279
4764,0.0
4765,0.0
4766,-0.00999999999839929
4767,0.0
4768,-0.010000000002037268
4769,0.0
4770,-0.010000000000218279
4771,0.0
4772,-0.010000000000218279
4773,0.0
4774,-0.00999999999839929
4775,0.0
4776,0.0
4777,-0.010000000000218279
4778,0.0
4779,-0.010000000000218279
4780,0.0
4781,-0.010000000000218279
4782,0.0
4783,0.0
4784,-0.010000000000218279
4785,0.0
4786,-0.010000000000218279
4787,0.0
4788,0.0
4789,-0.010000000000218279
4790,0.0
4791,-0.010000000000218279
4792,0.0
4793,0.0
4794,-0.00999999999839929
4795,0.0
4796,0.0
4797,-0.010000000000218279
4798,0.0
4799,-0.010000000000218279
4800,0.0
4801,0.0
4802,-0.010000000000218279
4803,0.0
4804,0.0
4805,-0.010000000000218279
4806,0.0
4807,0.0
4808,-0.00999999999839929
4809,0.0
4810,0.0
4811,-0.010000000002037268
4812,0.0
4813,0.0
4814,0.0
4815,-0.010000000000218279
4816,0.0
4817,0.0
4818,-0.00999999999839929
4819,0.0
4820,0.0
4821,-0.010000000000218279
4822,0.0
4823,0.0
4824,-0.010000000000218279
4825,0.0
4826,0.0
4827,-0.010000000000218279
4828,0.0
4829,-0.010000000000218279
4830,0.0
4831,0.0
4832,-0.00999999999839929
4833,0.0
4834,0.0
4835,-0.010000000002037268
4836,0.0
4837,-0.010000000000218279
4838,0.0
4839,0.0
4840,-0.010000000000218279
4841,0.0
4842,-0.00999999999839929
4843,0.0
4844,0.0
4845,-0.010000000000218279
4846,0.0
4847,-0.010000000000218279
4848,0.0
4849,-0.010000000000218279
4850,0.0
4851,0.0
4852,-0.010000000000218279
4853,0.0
4854,-0.010000000000218279
4855,0.0
4856,-0.010000000000218279
4857,0.0
4858,-0.010000000000218279
4859,0.0
4860,-0.00999999999839929
4861,0.0
4862,-0.010000000000218279
4863,0.0
4864,-0.010000000000218279
4865,0.0
4866,0.0
4867,-0.010000000000218279
4868,0.0
4869,-0.010000000000218279
4870,0.0
4871,-0.00999999999839929
4872,-0.010000000002037268
4873,0.0
4874,-0.010000000000218279
4875,0.0
4876,-0.00999999999839929
4877,0.0
4878,-0.010000000000218279
4879,0.0
4880,-0.010000000000218279
4881,0.0
4882,-0.010000000000218279
4883,0.0
4884,-0.010000000000218279
4885,-0.00999999999839929
4886,0.0
4887,-0.010000000002037268
4888,0.0
4889,-0.010000000000218279
4890,0.0
4891,-0.010000000000218279
4892,-0.00999999999839929
4893,0.0
4894,-0.010000000000218279
4895,0.0
4896,-0.010000000000218279
4897,-0.010000000000218279
4898,0.0
4899,-0.010000000000218279
4900,0.0
4901,-0.010000000000218279
4902,-0.010000000000218279
4903,0.0
4904,-0.010000000000218279
4905,-0.00999999999839929
4906,0.0
4907,-0.010000000000218279
4908,0.0
4909,-0.010000000000218279
4910,-0.010000000000218279
4911,0.0
4912,-0.010000000000218279
4913,-0.00999999999839929
4914,-0.010000000002037268
4915,0.0
4916,-0.010000000000218279
4917,-0.00999999999839929
4918,-0.010000000000218279
4919,0.0
4920,-0.010000000000218279
4921,-0.010000000000218279
4922,-0.010000000000218279
4923,-0.00999999999839929
4924,0.0
4925,-0.010000000002037268
4926,-0.010000000000218279
4927,-0.010000000000218279
4928,-0.00999999999839929
4929,0.0
4930,-0.010000000000218279
4931,-0.010000000000218279
4932,-0.010000000000218279
4933,-0.010000000000218279
4934,-0.010000000000218279
4935,-0.010000000000218279
4936,-0.010000000000218279
4937,-0.00999999999839929
4938,-0.010000000000218279
4939,-0.010000000000218279
4940,-0.010000000000218279
4941,-0.010000000000218279
4942,-0.00999999999839929
4943,-0.010000000002037268
4944,-0.010000000000218279
4945,-0.00999999999839929
4946,-0.010000000000218279
4947,-0.010000000000218279
4948,-0.010000000000218279
4949,-0.010000000000218279
4950,-0.00999999999839929
4951,-0.010000000002037268
4952,-0.010000000000218279
4953,-0.010000000000218279
4954,-0.019999999998617568
4955,-0.010000000000218279
4956,-0.010000000000218279
4957,-0.010000000000218279
4958,-0.010000000000218279
4959,-0.010000000000218279
4960,-0.010000000000218279
4961,-0.019999999998617568
4962,-0.010000000000218279
4963,-0.010000000000218279
4964,-0.010000000000218279
4965,-0.020000000000436557
4966,-0.010000000000218279
4967,-0.00999999999839929
4968,-0.010000000000218279
4969,-0.010000000000218279
4970,-0.020000000000436557
4971,-0.00999999999839929
4972,-0.010000000002037268
4973,-0.020000000000436557
4974,-0.00999999999839929
4975,-0.010000000000218279
4976,-0.020000000000436557
4977,-0.010000000000218279
4978,-0.010000000000218279
4979,-0.020000000000436557
4980,-0.00999999999839929
4981,-0.020000000000436557
4982,-0.010000000000218279
4983,-0.019999999998617568
4984,-0.010000000002037268
4985,-0.010000000000218279
4986,-0.019999999998617568
4987,-0.010000000000218279
4988,-0.020000000000436557
4989,-0.00999999999839929
4990,-0.020000000002255547
4991,-0.010000000000218279
4992,-0.019999999998617568
4993,-0.010000000000218279
4994,-0.020000000000436557
4995,-0.010000000000218279
4996,-0.020000000000436557
4997,-0.00999999999839929
4998,-0.020000000000436557
4999,-0.010000000000218279
5000,-0.019999999998617568
5001,-0.020000000002255547
5002,-0.00999999999839929
5003,-0.020000000000436557
5004,-0.020000000000436557
5005,-0.00999999999839929
5006,-0.020000000002255547
5007,-0.010000000000218279
5008,-0.019999999998617568
5009,-0.020000000000436557
5010,-0.010000000000218279
5011,-0.020000000000436557
5012,-0.019999999998617568
5013,-0.010000000000218279
5014,-0.020000000000436557
5015,-0.019999999998617568
5016,-0.010000000002037268
5017,-0.019999999998617568
5018,-0.020000000000436557
5019,-0.010000000000218279
5020,-0.019999999998617568
5021,-0.020000000002255547
5022,-0.019999999998617568
5023,-0.010000000000218279
5024,-0.020000000000436557
5025,-0.020000000000436557
5026,-0.020000000000436557
5027,-0.00999999999839929
5028,-0.020000000000436557
5029,-0.020000000000436557
5030,-0.020000000000436557
5031,-0.010000000000218279
5032,-0.019999999998617568
5033,-0.020000000000436557
5034,-0.019999999998617568
5035,-0.010000000002037268
5036,-0.020000000000436557
5037,-0.019999999998617568
5038,-0.020000000000436557
5039,-0.020000000000436557
5040,-0.020000000000436557
5041,-0.00999999999839929
5042,-0.020000000000436557
5043,-0.020000000000436557
5044,-0.020000000000436557
5045,-0.019999999998617568
5046,-0.020000000000436557
5047,-0.010000000000218279
5048,-0.019999999998617568
5049,-0.020000000002255547
5050,-0.019999999998617568
5051,-0.020000000000436557
5052,-0.020000000000436557
5053,-0.020000000000436557
5054,-0.019999999998617568
5055,-0.020000000000436557
5056,-0.010000000000218279
5057,-0.019999999998617568
5058,-0.020000000002255547
5059,-0.019999999998617568
5060,-0.020000000000436557
5061,-0.019999999998617568
5062,-0.020000000002255547
5063,-0.019999999998617568
5064,-0.020000000000436557
5065,-0.020000000000436557
5066,-0.020000000000436557
5067,-0.019999999998617568
5068,-0.020000000000436557
5069,-0.020000000000436557
5070,-0.020000000000436557
5071,-0.019999999998617568
5072,-0.020000000000436557
5073,-0.020000000000436557
5074,-0.020000000000436557
5075,-0.020000000000436557
5076,-0.019999999998617568
5077,-0.020000000000436557
5078,-0.020000000000436557
5079,-0.020000000000436557
5080,-0.019999999998617568
5081,-0.020000000000436557
5082,-0.019999999998617568
5083,-0.020000000002255547
5084,-0.019999999998617568
5085,-0.020000000000436557
5086,-0.030000000000654836
5087,-0.020000000000436557
5088,-0.019999999998617568
5089,-0.020000000000436557
5090,-0.020000000000436557
5091,-0.020000000000436557
5092,-0.019999999998617568
5093,-0.020000000000436557
5094,-0.019999999998617568
5095,-0.030000000000654836
5096,-0.020000000000436557
5097,-0.020000000000436557
5098,-0.020000000000436557
5099,-0.020000000000436557
5100,-0.019999999998617568
5101,-0.020000000000436557
5102,-0.020000000000436557
5103,-0.029999999998835847
5104,-0.020000000000436557
5105,-0.020000000000436557
5106,-0.020000000000436557
5107,-0.019999999998617568
5108,-0.020000000000436557
5109,-0.020000000000436557
5110,-0.020000000000436557
5111,-0.020000000000436557
5112,-0.029999999998835847
5113,-0.020000000000436557
5114,-0.020000000000436557
5115,-0.019999999998617568
5116,-0.020000000000436557
5117,-0.020000000000436557
5118,-0.020000000000436557
5119,-0.019999999998617568
5120,-0.020000000000436557
5121,-0.020000000000436557
5122,-0.020000000000436557
5123,-0.029999999998835847
5124,-0.020000000000436557
5125,-0.020000000000436557
5126,-0.020000000000436557
5127,-0.019999999998617568
5128,-0.020000000000436557
5129,-0.020000000000436557
5130,-0.020000000000436557
5131,-0.019999999998617568
5132,-0.020000000000436557
5133,-0.020000000000436557
5134,-0.020000000000436557
5135,-0.020000000000436557
5136,-0.019999999998617568
5137,-0.020000000000436557
5138,-0.020000000000436557
5139,-0.020000000000436557
5140,-0.019999999998617568
5141,-0.030000000000654836
5142,-0.020000000000436557
5143,-0.019999999998617568
5144,-0.020000000000436557
5145,-0.020000000000436557
5146,-0.020000000000436557
5147,-0.020000000000436557
5148,-0.019999999998617568
5149,-0.020000000000436557
5150,-0.020000000000436557
5151,-0.020000000000436557
5152,-0.019999999998617568
5153,-0.020000000000436557
5154,-0.019999999998617568
5155,-0.020000000002255547
5156,-0.019999999998617568
5157,-0.020000000000436557
5158,-0.019999999998617568
5159,-0.020000000002255547
5160,-0.019999999998617568
5161,-0.020000000000436557
5162,-0.020000000000436557
5163,-0.020000000000436557
5164,-0.019999999998617568
5165,-0.020000000000436557
5166,-0.020000000000436557
5167,-0.020000000000436557
5168,-0.019999999998617568
5169,-0.020000000000436557
5170,-0.020000000000436557
5171,-0.020000000000436557
5172,-0.020000000000436557
5173,-0.019999999998617568
5174,-0.010000000000218279
5175,-0.020000000000436557
5176,-0.020000000000436557
5177,-0.019999999998617568
5178,-0.020000000000436557
5179,-0.020000000000436557
5180,-0.020000000000436557
5181,-0.019999999998617568
5182,-0.020000000000436557
5183,-0.020000000000436557
5184,-0.020000000000436557
5185,-0.020000000000436557
5186,-0.019999999998617568
5187,-0.020000000000436557
5188,-0.020000000000436557
5189,-0.020000000000436557
5190,-0.019999999998617568
5191,-0.020000000000436557
5192,-0.010000000000218279
5193,-0.020000000000436557
5194,-0.019999999998617568
5195,-0.020000000000436557
5196,-0.020000000000436557
5197,-0.020000000000436557
5198,-0.020000000000436557
5199,-0.019999999998617568
5200,-0.020000000000436557
5201,-0.020000000000436557
5202,-0.010000000000218279
5203,-0.019999999998617568
5204,-0.020000000000436557
5205,-0.020000000000436557
5206,-0.020000000000436557
5207,-0.019999999998617568
5208,-0.020000000000436557
5209,-0.020000000000436557
5210,-0.00999999999839929
5211,-0.020000000002255547
5212,-0.019999999998617568
5213,-0.020000000000436557
5214,-0.020000000000436557
5215,-0.020000000000436557
5216,-0.010000000000218279
5217,-0.019999999998617568
5218,-0.020000000000436557
5219,-0.019999999998617568
5220,-0.010000000002037268
5221,-0.019999999998617568
5222,-0.010000000000218279
5223,-0.010000000000218279
5224,-0.020000000000436557
5225,-0.00999999999839929
5226,-0.010000000002037268
5227,-0.020000000000436557
5228,-0.00999999999839929
5229,-0.010000000000218279
5230,-0.010000000000218279
5231,0.0
5232,-0.010000000000218279
5233,0.0
5234,0.0
5235,-0.010000000000218279
5236,0.0
5237,-0.010000000000218279
5238,0.0
5239,0.0
5240,-0.010000000000218279
5241,0.0
5242,-0.010000000000218279
5243,0.0
5244,0.0
5245,-0.00999999999839929
5246,0.0
5247,0.0
5248,-0.010000000000218279
5249,0.0
5250,-0.010000000000218279
5251,0.0
5252,0.0
5253,-0.010000000000218279
5254,0.0
5255,0.0
5256,-0.010000000000218279
5257,0.0
5258,0.0
5259,-0.00999999999839929
5260,0.0
5261,0.0
5262,0.0
5263,-0.010000000002037268
5264,0.0
5265,0.0
5266,-0.010000000000218279
5267,0.0
5268,0.0
5269,-0.00999999999839929
5270,0.0
5271,0.0
5272,0.0
5273,-0.010000000000218279
5274,0.0
5275,0.0
5276,0.0
5277,-0.010000000000218279
5278,0.0
5279,0.0
5280,0.0
5281,-0.010000000000218279
5282,0.0
5283,0.0
5284,0.0
5285,-0.010000000000218279
5286,0.0
5287,0.0
5288,0.0
5289,-0.00999999999839929
5290,0.0
5291,0.0
5292,0.0
5293,-0.010000000002037268
5294,0.0
5295,0.0
5296,0.0
5297,-0.010000000000218279
5298,0.0
5299,0.0
5300,0.0
5301,-0.010000000000218279
5302,0.0
5303,0.0
5304,0.0
5305,-0.00999999999839929
5306,0.0
5307,0.0
5308,0.0
5309,-0.010000000000218279
5310,0.0
5311,0.0
5312,0.0
5313,-0.010000000000218279
5314,0.0
5315,0.0
5316,-0.010000000000218279
5317,0.0
5318,0.0
5319,0.0
5320,-0.010000000000218279
5321,0.0
5322,0.0
5323,0.0
5324,-0.010000000000218279
5325,0.0
5326,0.0
5327,-0.010000000000218279
5328,0.0
5329,0.0
5330,0.0
5331,-0.010000000000218279
5332,0.0
5333,0.0
5334,-0.00999999999839929
5335,0.0
5336,0.0
5337,0.0
5338,-0.010000000000218279
5339,0.0
5340,0.0
5341,-0.010000000000218279
5342,0.0
5343,0.0
5344,-0.010000000000218279
5345,0.0
5346,0.0
5347,0.0
5348,-0.010000000000218279
5349,0.0
5350,0.0
5351,-0.00999999999839929
5352,0.0
5353,0.0
5354,-0.010000000002037268
5355,0.0
5356,0.0
5357,-0.010000000000218279
5358,0.0
5359,0.0
5360,-0.00999999999839929
5361,0.0
5362,0.0
5363,-0.010000000000218279
5364,0.0
5365,0.0
5366,0.0
5367,-0.010000000000218279
5368,0.0
5369,0.0
5370,-0.010000000000218279
5371,0.0
5372,0.0
5373,-0.010000000000218279
5374,0.0
5375,0.0
5376,-0.00999999999839929
5377,0.0
5378,0.0
5379,-0.010000000002037268
5380,0.0
5381,0.0
5382,-0.010000000000218279
5383,0.0
5384,-0.010000000000218279
5385,0.0
5386,0.0
5387,-0.00999999999839929
5388,0.0
5389,0.0
5390,-0.010000000000218279
5391,0.0
5392,0.0
5393,-0.010000000000218279
5394,0.0
5395,0.0
5396,-0.010000000000218279
5397,0.0
5398,0.0
5399,-0.010000000000218279
5400,0.0
5401,0.0
5402,-0.010000000000218279
5403,0.0
5404,0.0
5405,-0.010000000000218279
5406,0.0
5407,0.0
5408,-0.010000000000218279
5409,0.0
5410,0.0
5411,-0.00999999999839929
5412,0.0
5413,0.0
5414,-0.010000000000218279
5415,0.0
5416,0.0
5417,-0.010000000000218279
5418,0.0
5419,0.0
5420,-0.010000000000218279
5421,0.0
5422,0.0
5423,-0.010000000000218279
5424,0.0
5425,0.0
5426,-0.00999999999839929
5427,0.0
5428,0.0
5429,-0.010000000002037268
5430,0.0
5431,0.0
5432,-0.010000000000218279
5433,0.0
5434,0.0
5435,-0.00999999999839929
5436,0.0
5437,0.0
5438,-0.010000000000218279
5439,0.0
5440,0.0
5441,-0.010000000000218279
5442,0.0
5443,-0.010000000000218279
5444,0.0
5445,0.0
5446,-0.010000000000218279
5447,0.0
5448,0.0
5449,-0.00999999999839929
5450,0.0
5451,0.0
5452,-0.010000000002037268
5453,0.0
5454,0.0
5455,-0.010000000000218279
5456,0.0
5457,0.0
5458,-0.010000000000218279
5459,0.0
5460,0.0
5461,-0.00999999999839929
5462,0.0
5463,0.0
5464,-0.010000000000218279
5465,0.0
5466,0.0
5467,-0.010000000000218279
5468,0.0
5469,0.0
5470,-0.010000000000218279
5471,0.0
5472,0.0
5473,-0.010000000000218279
5474,0.0
5475,0.0
5476,-0.010000000000218279
5477,0.0
5478,0.0
5479,-0.010000000000218279
5480,0.0
5481,0.0
5482,0.0
5483,-0.010000000000218279
5484,0.0
5485,0.0
5486,0.0
5487,-0.00999999999839929
5488,0.0
5489,0.0
5490,0.0
5491,-0.010000000000218279
5492,0.0
5493,0.0
5494,0.0
5495,0.0
5496,-0.010000000000218279
5497,0.0
5498,0.0
5499,0.0
5500,0.0
5501,-0.010000000000218279
5502,0.0
5503,0.0
5504,0.0
5505,0.0
5506,0.0
5507,-0.010000000000218279
5508,0.0
5509,0.0
5510,0.0
5511,0.0
5512,0.0
5513,0.0
5514,0.0
5515,0.0
5516,-0.00999999999839929
5517,0.0
5518,0.0
5519,0.0
5520,0.0
5521,0.0
5522,0.0
5523,0.0
5524,0.0
5525,0.0
5526,0.0
5527,0.0
5528,0.0
5529,0.0
5530,0.0
5531,0.0
5532,0.0
5533,0.0
5534,0.0
5535,0.0
5536,0.0
5537,0.0
5538,0.0
5539,0.0
5540,0.0
5541,0.0
5542,0.0
5543,0.0
5544,0.0
5545,0.0
5546,0.0
5547,0.0
5548,0.0
5549,0.00999999999839929
5550,0.0
5551,0.0
5552,0.0
5553,0.0
5554,0.0
5555,0.0
5556,0.0
5557,0.010000000000218279
5558,0.0
5559,0.0
5560,0.0
5561,0.0
5562,0.0
5563,0.0
5564,0.010000000000218279
5565,0.0
5566,0.0
5567,0.0
5568,0.0
5569,0.0
5570,0.010000000000218279
5571,0.0
5572,0.0
5573,0.0
5574,0.0
5575,0.0
5576,0.010000000000218279
5577,0.0
5578,0.0
5579,0.0
5580,0.0
5581,0.0
5582,0.0
5583,0.00999999999839929
5584,0.0
5585,0.0
5586,0.0
5587,0.0
5588,0.0
5589,0.0
5590,0.0
5591,0.0
5592,0.010000000000218279
5593,0.0
5594,0.0
5595,0.0
5596,0.0
5597,0.0
5598,0.0
5599,0.0
5600,0.0
5601,0.0
5602,0.0
5603,0.0
5604,0.0
5605,0.0
5606,0.010000000000218279
5607,0.0
5608,0.0
5609,0.0
5610,0.0
5611,0.0
5612,0.0
5613,0.0
5614,0.0
5615,0.0
5616,0.0
5617,0.0
5618,0.0
5619,0.0
5620,0.0
5621,0.0
5622,0.0
5623,0.0
5624,0.0
5625,0.0
5626,0.0
5627,0.0
5628,0.0
5629,0.0
5630,0.0
5631,0.0
5632,0.0
5633,0.0
5634,0.0
5635,-0.010000000000218279
5636,0.0
5637,0.0
5638,0.0
5639,0.0
5640,0.0
5641,0.0
5642,0.0
5643,0.0
5644,0.0
5645,0.0
5646,0.0
5647,0.0
5648,0.0
5649,0.0
5650,-0.010000000000218279
5651,0.0
5652,0.0
5653,0.0
5654,0.0
5655,0.0
5656,0.0
5657,0.0
5658,-0.00999999999839929
5659,0.0
5660,0.0
5661,0.0
5662,0.0
5663,0.0
5664,0.0
5665,-0.010000000000218279
5666,0.0
5667,0.0
5668,0.0
5669,0.0
5670,0.0
5671,-0.010000000000218279
5672,0.0
5673,0.0
5674,0.0
5675,-0.010000000000218279
5676,0.0
5677,0.0
5678,0.0
5679,0.0
5680,-0.010000000000218279
5681,0.0
5682,0.0
5683,0.0
5684,-0.00999999999839929
5685,0.0
5686,0.0
5687,-0.010000000002037268
5688,0.0
5689,0.0
5690,0.0
5691,-0.010000000000218279
5692,0.0
5693,0.0
5694,-0.00999999999839929
5695,0.0
5696,0.0
5697,-0.010000000000218279
5698,0.0
5699,0.0
5700,0.0
5701,0.0
5702,0.0
5703,0.010000000000218279
5704,0.0
5705,0.0
5706,0.0
5707,0.0
5708,0.00999999999839929
5709,0.0
5710,0.0
5711,0.0
5712,0.010000000000218279
5713,0.0
5714,0.0
5715,0.010000000002037268
5716,0.0
5717,0.0
5718,0.0
5719,0.00999999999839929
5720,0.0
5721,0.0
5722,0.0
5723,0.0
5724,0.010000000000218279
5725,0.0
5726,0.0
5727,0.0
5728,0.0
5729,0.010000000000218279
5730,0.0
5731,0.0
5732,0.0
5733,0.0
5734,0.0
5735,0.0
5736,0.010000000000218279
5737,0.0
5738,0.0
5739,0.0
5740,0.0
5741,0.0
5742,0.0
5743,0.0
5744,0.010000000000218279
5745,0.0
5746,0.0
5747,0.0
5748,0.0
5749,0.0
5750,0.0
5751,0.0
5752,0.0
5753,0.0
5754,0.0
5755,0.0
5756,0.0
5757,0.0
5758,0.0
5759,0.0
5760,0.0
5761,0.0
5762,0.0
5763,0.0
5764,0.0
5765,0.00999999999839929
5766,0.0
5767,0.0
5768,0.0
5769,0.0
5770,0.0
5771,0.0
5772,0.0
5773,0.0
5774,0.0
5775,0.0
5776,0.0
5777,0.0
5778,0.0
5779,0.0
5780,0.0
5781,0.0
5782,0.0
5783,0.0
5784,0.0
5785,0.0
5786,0.0
5787,0.0
5788,0.0
5789,0.0
5790,0.0
5791,0.0
5792,0.0
5793,0.0
5794,0.0
5795,0.0
5796,0.0
5797,0.0
5798,0.0
5799,0.0
5800,0.0
5801,0.0
5802,0.0
5803,0.0
5804,0.0
5805,0.0
5806,0.0
5807,0.0
5808,-0.00999999999839929
5809,0.0
5810,0.0
5811,0.0
5812,0.0
5813,0.0
5814,0.0
5815,0.0
5816,0.0
5817,0.0
5818,0.0
5819,0.0
5820,0.0
5821,0.0
5822,0.0
5823,0.0
5824,0.0
5825,0.0
5826,0.0
5827,0.0
5828,0.0
5829,0.0
5830,0.0
5831,0.0
5832,0.0
5833,0.0
5834,-0.010000000000218279
5835,0.0
5836,0.0
5837,0.0
5838,0.0
5839,0.0
5840,0.0
5841,0.0
5842,0.0
5843,0.0
5844,0.0
5845,0.0
5846,0.0
5847,0.0
5848,0.0
5849,0.0
5850,0.0
5851,0.0
5852,0.0
5853,-0.010000000000218279
5854,0.0
5855,0.0
5856,0.0
5857,0.0
5858,0.0
5859,0.0
5860,0.0
5861,0.010000000000218279
5862,0.0
5863,0.0
5864,0.0
5865,0.0
5866,0.0
5867,0.0
5868,0.0
5869,0.0
5870,0.0
5871,0.0
5872,0.010000000000218279
5873,0.0
5874,0.0
5875,0.0
5876,0.0
5877,0.00999999999839929
5878,0.0
5879,0.0
5880,0.0
5881,0.0
5882,0.010000000000218279
5883,0.0
5884,0.0
5885,0.0
5886,0.010000000000218279
5887,0.0
5888,0.0
5889,0.0
5890,0.010000000000218279
5891,0.0
5892,0.0
5893,0.010000000000218279
5894,0.0
5895,0.010000000000218279
5896,0.0
5897,0.0
5898,0.010000000000218279
5899,0.0
5900,0.0
5901,0.010000000000218279
5902,0.0
5903,0.00999999999839929
5904,0.0
5905,0.010000000000218279
5906,0.0
5907,0.0
5908,0.010000000000218279
5909,0.0
5910,0.010000000002037268
5911,0.0
5912,0.00999999999839929
5913,0.0
5914,0.010000000000218279
5915,0.010000000000218279
5916,0.0
5917,0.010000000000218279
5918,0.0
5919,0.010000000000218279
5920,0.0
5921,0.00999999999839929
5922,0.010000000000218279
5923,0.0
5924,0.010000000002037268
5925,0.0
5926,0.00999999999839929
5927,0.010000000000218279
5928,0.0
5929,0.010000000000218279
5930,0.010000000000218279
5931,0.0
5932,0.010000000000218279
5933,0.00999999999839929
5934,0.0
5935,0.010000000000218279
5936,0.010000000000218279
5937,0.010000000000218279
5938,0.0
5939,0.010000000000218279
5940,0.010000000000218279
5941,0.010000000000218279
5942,0.0
5943,0.010000000000218279
5944,0.00999999999839929
5945,0.010000000000218279
5946,0.0
5947,0.010000000000218279
5948,0.010000000002037268
5949,0.00999999999839929
5950,0.010000000000218279
5951,0.0
5952,0.010000000000218279
5953,0.010000000000218279
5954,0.010000000000218279
5955,0.0
5956,0.00999999999839929
5957,0.010000000000218279
5958,0.010000000002037268
5959,0.00999999999839929
5960,0.0
5961,0.010000000000218279
5962,0.010000000000218279
5963,0.010000000000218279
5964,0.0
5965,0.010000000000218279
5966,0.00999999999839929
5967,0.010000000000218279
5968,0.0
5969,0.010000000000218279
5970,0.010000000000218279
5971,0.010000000000218279
5972,0.0
5973,0.010000000000218279
5974,0.010000000000218279
5975,0.010000000000218279
5976,0.0
5977,0.00999999999839929
5978,0.010000000000218279
5979,0.010000000000218279
5980,0.0
5981,0.010000000002037268
5982,0.00999999999839929
5983,0.010000000000218279
5984,0.0
5985,0.010000000000218279
5986,0.010000000000218279
5987,0.010000000000218279
5988,0.0
5989,0.00999999999839929
5990,0.010000000000218279
5991,0.010000000002037268
5992,0.0
5993,0.00999999999839929
5994,0.010000000000218279
5995,0.010000000000218279
5996,0.0
5997,0.010000000000218279
5998,0.010000000000218279
5999,0.0
6000,0.00999999999839929
6001,0.010000000000218279
6002,0.010000000000218279
6003,0.0
6004,0.010000000000218279
6005,0.010000000000218279
6006,0.0
6007,0.010000000000218279
6008,0.010000000000218279
6009,0.010000000000218279
6010,0.0
6011,0.00999999999839929
6012,0.010000000000218279
6013,0.0
6014,0.010000000000218279
6015,0.010000000002037268
6016,0.00999999999839929
6017,0.0
6018,0.010000000000218279
6019,0.010000000000218279
6020,0.0
6021,0.010000000000218279
6022,0.010000000000218279
6023,0.0
6024,0.00999999999839929
6025,0.010000000000218279
6026,0.010000000002037268
6027,0.0
6028,0.00999999999839929
6029,0.010000000000218279
6030,0.0
6031,0.010000000000218279
6032,0.010000000000218279
6033,0.0
6034,0.010000000000218279
6035,0.00999999999839929
6036,0.010000000000218279
6037,0.0
6038,0.010000000000218279
6039,0.010000000000218279
6040,0.0
6041,0.010000000000218279
6042,0.010000000000218279
6043,0.0
6044,0.010000000000218279
6045,0.010000000000218279
6046,0.00999999999839929
6047,0.0
6048,0.010000000000218279
6049,0.010000000000218279
6050,0.010000000002037268
6051,0.0
6052,0.00999999999839929
6053,0.010000000000218279
6054,0.010000000000218279
6055,0.0
6056,0.010000000000218279
6057,0.010000000000218279
6058,0.00999999999839929
6059,0.0
6060,0.010000000000218279
6061,0.010000000002037268
6062,0.00999999999839929
6063,0.010000000000218279
6064,0.010000000000218279
6065,0.0
6066,0.010000000000218279
6067,0.010000000000218279
6068,0.00999999999839929
6069,0.010000000000218279
6070,0.0
6071,0.010000000000218279
6072,0.010000000000218279
6073,0.010000000000218279
6074,0.010000000000218279
6075,0.010000000000218279
6076,0.010000000000218279
6077,0.0
6078,0.00999999999839929
6079,0.010000000000218279
6080,0.010000000000218279
6081,0.010000000002037268
6082,0.0
6083,0.00999999999839929
6084,0.010000000000218279
6085,0.010000000000218279
6086,0.010000000000218279
6087,0.0
6088,0.010000000000218279
6089,0.00999999999839929
6090,0.0
6091,0.0
6092,0.010000000000218279
6093,0.0
6094,0.0
6095,0.010000000002037268
6096,0.0
6097,0.0
6098,0.00999999999839929
6099,0.0
6100,0.0
6101,0.010000000000218279
6102,0.0
6103,0.0
6104,0.010000000000218279
6105,0.0
6106,0.0
6107,0.010000000000218279
6108,0.0
6109,0.0
6110,0.010000000000218279
6111,0.0
6112,0.00999999999839929
6113,0.0
6114,0.0
6115,0.010000000000218279
6116,0.0
6117,0.010000000000218279
6118,0.0
6119,0.0
6120,0.010000000000218279
6121,0.0
6122,0.010000000000218279
6123,0.0
6124,0.010000000000218279
6125,0.0
6126,0.0
6127,0.010000000000218279
6128,0.0
6129,0.010000000000218279
6130,0.0
6131,0.00999999999839929
6132,0.0
6133,0.010000000000218279
6134,0.0
6135,0.010000000000218279
6136,0.0
6137,0.010000000002037268
6138,0.0
6139,0.00999999999839929
6140,0.0
6141,0.010000000000218279
6142,0.0
6143,0.010000000000218279
6144,0.0
6145,0.010000000000218279
6146,0.0
6147,0.010000000000218279
6148,0.0
6149,0.00999999999839929
6150,0.0
6151,0.010000000000218279
6152,0.0
6153,0.010000000002037268
6154,0.0
6155,0.00999999999839929
6156,0.0
6157,0.010000000000218279
6158,0.0
6159,0.010000000000218279
6160,0.0
6161,0.010000000000218279
6162,0.010000000000218279
6163,0.0
6164,0.00999999999839929
6165,0.0
6166,0.010000000000218279
6167,0.0
6168,0.010000000000218279
6169,0.0
6170,0.010000000000218279
6171,0.010000000000218279
6172,0.0
6173,0.010000000000218279
6174,0.0
6175,0.010000000000218279
6176,0.0
6177,0.010000000000218279
6178,0.00999999999839929
6179,0.0
6180,0.010000000000218279
6181,0.0
6182,0.010000000000218279
6183,0.0
6184,0.010000000002037268
6185,0.00999999999839929
6186,0.0
6187,0.010000000000218279
6188,0.0
6189,0.010000000000218279
6190,0.010000000000218279
6191,0.0
6192,0.010000000000218279
6193,0.0
6194,0.00999999999839929
6195,0.010000000000218279
6196,0.0
6197,0.010000000002037268
6198,0.00999999999839929
6199,0.0
6200,0.010000000000218279
6201,0.0
6202,0.010000000000218279
6203,0.010000000000218279
6204,0.0
6205,0.010000000000218279
6206,0.00999999999839929
6207,0.0
6208,0.010000000000218279
6209,0.010000000000218279
6210,0.0
6211,0.010000000000218279
6212,0.010000000000218279
6213,0.0
6214,0.010000000000218279
6215,0.010000000000218279
6216,0.0
6217,0.010000000000218279
6218,0.0
6219,0.00999999999839929
6220,0.010000000000218279
6221,0.0
6222,0.010000000000218279
6223,0.010000000002037268
6224,0.0
6225,0.00999999999839929
6226,0.010000000000218279
6227,0.0
6228,0.010000000000218279
6229,0.010000000000218279
6230,0.0
6231,0.010000000000218279
6232,0.00999999999839929
6233,0.0
6234,0.010000000000218279
6235,0.0
6236,0.010000000002037268
6237,0.0
6238,0.00999999999839929
6239,0.010000000000218279
6240,0.0
6241,0.010000000000218279
6242,0.0
6243,0.010000000000218279
6244,0.0
6245,0.0
6246,0.010000000000218279
6247,0.0
6248,0.00999999999839929
6249,0.0
6250,0.010000000000218279
6251,0.0
6252,0.010000000000218279
6253,0.0
6254,0.0
6255,0.010000000000218279
6256,0.0
6257,0.0
6258,0.010000000000218279
6259,0.0
6260,0.0
6261,0.010000000000218279
6262,0.0
6263,0.0
6264,0.010000000000218279
6265,0.0
6266,0.0
6267,0.0
6268,0.010000000000218279
6269,0.0
6270,0.0
6271,0.0
6272,0.0
6273,0.00999999999839929
6274,0.0
6275,0.0
6276,0.0
6277,0.0
6278,0.0
6279,0.010000000000218279
6280,0.0
6281,0.0
6282,0.0
6283,0.0
6284,0.0
6285,0.0
6286,0.0
6287,0.0
6288,0.0
6289,0.0
6290,0.0
6291,0.0
6292,0.0
6293,0.0
6294,0.0
6295,0.0
6296,0.0
6297,0.0
6298,0.0
6299,0.0
6300,0.0
6301,0.0
6302,0.0
6303,-0.010000000000218279
6304,0.0
6305,0.0
6306,0.0
6307,0.0
6308,0.0
6309,0.0
6310,-0.00999999999839929
6311,0.0
6312,0.0
6313,0.0
6314,-0.010000000000218279
6315,0.0
6316,0.0
6317,0.0
6318,-0.010000000000218279
6319,0.0
6320,0.0
6321,0.0
6322,-0.010000000000218279
6323,0.0
6324,0.0
6325,0.0
6326,-0.010000000000218279
6327,0.0
6328,0.0
6329,0.0
6330,-0.010000000000218279
6331,0.0
6332,0.0
6333,0.0
6334,-0.010000000000218279
6335,0.0
6336,0.0
6337,0.0
6338,-0.010000000000218279
6339,0.0
6340,0.0
6341,0.0
6342,-0.00999999999839929
6343,0.0
6344,0.0
6345,0.0
6346,0.0
6347,-0.010000000000218279
6348,0.0
6349,0.0
6350,0.0
6351,0.0
6352,-0.010000000000218279
6353,0.0
6354,0.0
6355,0.0
6356,0.0
6357,-0.010000000000218279
6358,0.0
6359,0.0
6360,0.0
6361,0.0
6362,-0.010000000000218279
6363,0.0
6364,0.0
6365,0.0
6366,0.0
6367,0.0
6368,-0.00999999999839929
6369,0.0
6370,0.0
6371,0.0
6372,0.0
6373,0.0
6374,-0.010000000002037268
6375,0.0
6376,0.0
6377,0.0
6378,0.0
6379,0.0
6380,0.0
6381,-0.010000000000218279
6382,0.0
6383,0.0
6384,0.0
6385,0.0
6386,0.0
6387,0.0
6388,-0.00999999999839929
6389,0.0
6390,0.0
6391,0.0
6392,0.0
6393,0.0
6394,0.0
6395,0.0
6396,0.0
6397,-0.010000000000218279
6398,0.0
6399,0.0
6400,0.0
6401,0.0
6402,0.0
6403,0.0
6404,0.0
6405,0.0
6406,0.0
6407,0.0
6408,-0.010000000000218279
6409,0.0
6410,0.0
6411,0.0
6412,0.020000000000436557
6413,0.039999999999054126
6414,0.040000000000873115
6415,0.039999999999054126
6416,0.040000000000873115
6417,0.029999999998835847
6418,0.040000000000873115
6419,0.039999999999054126
6420,0.040000000000873115
6421,0.039999999999054126
6422,0.040000000000873115
6423,0.039999999999054126
6424,0.040000000000873115
6425,0.039999999999054126
6426,0.040000000000873115
6427,0.039999999999054126
6428,0.030000000000654836
6429,0.040000000000873115
6430,0.040000000000873115
6431,0.039999999999054126
6432,0.040000000000873115
6433,0.039999999999054126
6434,0.039999999999054126
6435,0.030000000000654836
6436,0.039999999999054126
6437,0.040000000000873115
6438,0.039999999999054126
6439,0.040000000000873115
6440,0.030000000000654836
6441,0.039999999999054126
6442,0.040000000000873115
6443,0.040000000000873115
6444,0.029999999998835847
6445,0.039999999999054126
6446,0.040000000000873115
6447,0.039999999999054126
6448,0.040000000000873115
6449,0.029999999998835847
6450,0.040000000000873115
6451,0.040000000000873115
6452,0.030000000000654836
6453,0.039999999999054126
6454,0.039999999999054126
6455,0.030000000000654836
6456,0.039999999999054126
6457,0.040000000000873115
6458,0.039999999999054126
6459,0.030000000000654836
6460,0.040000000000873115
6461,0.029999999998835847
6462,0.040000000000873115
6463,0.039999999999054126
6464,0.030000000000654836
6465,0.039999999999054126
6466,0.040000000000873115
6467,0.030000000000654836
6468,0.039999999999054126
6469,0.030000000000654836
6470,0.039999999999054126
6471,0.040000000000873115
6472,0.029999999998835847
6473,0.040000000000873115
6474,0.030000000000654836
6475,0.039999999999054126
6476,0.030000000000654836
6477,0.039999999999054126
6478,0.030000000000654836
6479,0.039999999999054126
6480,0.030000000000654836
6481,0.040000000000873115
6482,0.029999999998835847
6483,0.040000000000873115
6484,0.029999999998835847
6485,0.040000000000873115
6486,0.030000000000654836
6487,0.039999999999054126
6488,0.030000000000654836
6489,0.039999999999054126
6490,0.030000000000654836
6491,0.039999999999054126
6492,0.030000000000654836
6493,0.030000000000654836
6494,0.040000000000873115
6495,0.029999999998835847
6496,0.039999999999054126
6497,0.030000000000654836
6498,0.039999999999054126
6499,0.030000000002473826
6500,0.029999999998835847
6501,0.039999999999054126
6502,0.030000000000654836
6503,0.030000000000654836
6504,0.039999999999054126
6505,0.030000000000654836
6506,0.029999999998835847
6507,0.040000000000873115
6508,0.030000000000654836
6509,0.030000000000654836
6510,0.039999999999054126
6511,0.029999999998835847
6512,0.030000000000654836
6513,0.030000000000654836
6514,0.029999999998835847
6515,0.030000000000654836
6516,0.039999999999054126
6517,0.030000000000654836
6518,0.030000000000654836
6519,0.029999999998835847
6520,0.030000000000654836
6521,0.030000000000654836
6522,0.029999999998835847
6523,0.030000000000654836
6524,0.030000000000654836
6525,0.030000000000654836
6526,0.029999999998835847
6527,0.029999999998835847
6528,0.030000000000654836
6529,0.030000000000654836
6530,0.019999999998617568
6531,0.030000000002473826
6532,0.029999999998835847
6533,0.029999999998835847
6534,0.020000000002255547
6535,0.029999999998835847
6536,0.029999999998835847
6537,0.030000000000654836
6538,0.020000000000436557
6539,0.029999999998835847
6540,0.030000000002473826
6541,0.019999999998617568
6542,0.030000000000654836
6543,0.019999999998617568
6544,0.030000000000654836
6545,0.030000000000654836
6546,0.019999999998617568
6547,0.030000000000654836
6548,0.020000000000436557
6549,0.029999999998835847
6550,0.020000000002255547
6551,0.019999999998617568
6552,0.030000000000654836
6553,0.019999999998617568
6554,0.020000000000436557
6555,0.030000000000654836
6556,0.019999999998617568
6557,0.020000000000436557
6558,0.030000000000654836
6559,0.020000000000436557
6560,0.019999999998617568
6561,0.020000000002255547
6562,0.029999999998835847
6563,0.020000000000436557
6564,0.019999999998617568
6565,0.020000000000436557
6566,0.020000000000436557
6567,0.020000000000436557
6568,0.019999999998617568
6569,0.030000000000654836
6570,0.010000000000218279
6571,0.020000000000436557
6572,0.019999999998617568
6573,0.020000000002255547
6574,0.019999999998617568
6575,0.020000000000436557
6576,0.019999999998617568
6577,0.020000000002255547
6578,0.019999999998617568
6579,0.020000000000436557
6580,0.019999999998617568
6581,0.010000000000218279
6582,0.020000000000436557
6583,0.020000000000436557
6584,0.010000000000218279
6585,0.019999999998617568
6586,0.020000000000436557
6587,0.020000000000436557
6588,0.010000000000218279
6589,0.020000000000436557
6590,0.019999999998617568
6591,0.010000000000218279
6592,0.020000000000436557
6593,0.010000000000218279
6594,0.020000000000436557
6595,0.010000000000218279
6596,0.019999999998617568
6597,0.010000000000218279
6598,0.020000000000436557
6599,0.010000000000218279
6600,0.020000000000436557
6601,0.00999999999839929
6602,0.020000000000436557
6603,0.010000000002037268
6604,0.00999999999839929
6605,0.020000000000436557
6606,0.010000000000218279
6607,0.019999999998617568
6608,0.010000000000218279
6609,0.020000000000436557
6610,0.010000000000218279
6611,0.020000000000436557
6612,0.019999999998617568
6613,0.010000000000218279
6614,0.020000000000436557
6615,0.020000000000436557
6616,0.010000000000218279
6617,0.019999999998617568
6618,0.020000000000436557
6619,0.010000000002037268
6620,0.019999999998617568
6621,0.020000000000436557
6622,0.019999999998617568
6623,0.020000000002255547
6624,0.00999999999839929
6625,0.020000000000436557
6626,0.020000000000436557
6627,0.019999999998617568
6628,0.020000000000436557
6629,0.020000000000436557
6630,0.020000000000436557
6631,0.019999999998617568
6632,0.020000000002255547
6633,0.019999999998617568
6634,0.020000000000436557
6635,0.019999999998617568
6636,0.020000000002255547
6637,0.019999999998617568
6638,0.020000000000436557
6639,0.019999999998617568
6640,0.020000000000436557
6641,0.020000000000436557
6642,0.020000000000436557
6643,0.029999999998835847
6644,0.020000000002255547
6645,0.019999999998617568
6646,0.020000000000436557
6647,0.019999999998617568
6648,0.030000000000654836
6649,0.020000000000436557
6650,0.020000000000436557
6651,0.029999999998835847
6652,0.020000000000436557
6653,0.020000000000436557
6654,0.029999999998835847
6655,0.020000000002255547
6656,0.029999999998835847
6657,0.020000000000436557
6658,0.019999999998617568
6659,0.030000000000654836
6660,0.020000000000436557
6661,0.029999999998835847
6662,0.020000000000436557
6663,0.030000000000654836
6664,0.029999999998835847
6665,0.020000000002255547
6666,0.029999999998835847
6667,0.020000000000436557
6668,0.030000000000654836
6669,0.019999999998617568
6670,0.030000000000654836
6671,0.019999999998617568
6672,0.030000000000654836
6673,0.020000000000436557
6674,0.029999999998835847
6675,0.030000000000654836
6676,0.020000000000436557
6677,0.029999999998835847
6678,0.020000000002255547
6679,0.029999999998835847
6680,0.020000000000436557
6681,0.019999999998617568
6682,0.030000000000654836
6683,0.020000000000436557
6684,0.019999999998617568
6685,0.030000000002473826
6686,0.019999999998617568
6687,0.020000000000436557
6688,0.029999999998835847
6689,0.020000000000436557
6690,0.030000000000654836
6691,0.019999999998617568
6692,0.030000000000654836
6693,0.020000000000436557
6694,0.029999999998835847
6695,0.020000000000436557
6696,0.030000000000654836
6697,0.030000000000654836
6698,0.019999999998617568
6699,0.030000000000654836
6700,0.020000000000436557
6701,0.029999999998835847
6702,0.030000000000654836
6703,0.030000000000654836
6704,0.019999999998617568
6705,0.030000000000654836
6706,0.030000000000654836
6707,0.029999999998835847
6708,0.020000000000436557
6709,0.030000000000654836
6710,0.029999999998835847
6711,0.030000000000654836
6712,0.030000000000654836
6713,0.029999999998835847
6714,0.030000000000654836
6715,0.030000000000654836
6716,0.030000000000654836
6717,0.029999999998835847
6718,0.029999999998835847
6719,0.030000000000654836
6720,0.030000000000654836
6721,0.029999999998835847
6722,0.030000000000654836
6723,0.030000000000654836
6724,0.029999999998835847
6725,0.040000000000873115
6726,0.029999999998835847
6727,0.030000000000654836
6728,0.030000000000654836
6729,0.029999999998835847
6730,0.040000000000873115
6731,0.030000000000654836
6732,0.030000000000654836
6733,0.039999999999054126
6734,0.029999999998835847
6735,0.030000000000654836
6736,0.039999999999054126
6737,0.030000000002473826
6738,0.029999999998835847
6739,0.039999999999054126
6740,0.030000000000654836
6741,0.039999999999054126
6742,0.040000000000873115
6743,0.030000000000654836
6744,0.040000000000873115
6745,0.029999999998835847
6746,0.039999999999054126
6747,0.030000000000654836
6748,0.039999999999054126
6749,0.030000000000654836
6750,0.040000000000873115
6751,0.029999999998835847
6752,0.040000000000873115
6753,0.029999999998835847
6754,0.040000000000873115
6755,0.030000000000654836
6756,0.039999999999054126
6757,0.030000000000654836
6758,0.029999999998835847
6759,0.040000000000873115
6760,0.010000000000218279
6761,0.020000000000436557
6762,0.00999999999839929
6763,0.020000000002255547
6764,0.00999999999839929
6765,0.020000000000436557
6766,0.010000000000218279
6767,0.019999999998617568
6768,0.010000000000218279
6769,0.020000000000436557
6770,0.020000000000436557
6771,0.010000000000218279
6772,0.019999999998617568
6773,0.020000000000436557
6774,0.010000000002037268
6775,0.019999999998617568
6776,0.020000000000436557
6777,0.019999999998617568
6778,0.010000000000218279
6779,0.020000000000436557
6780,0.020000000000436557
6781,0.020000000000436557
6782,0.019999999998617568
6783,0.020000000000436557
6784,0.010000000000218279
6785,0.020000000000436557
6786,0.019999999998617568
6787,0.020000000000436557
6788,0.020000000000436557
6789,0.020000000000436557
6790,0.020000000000436557
6791,0.019999999998617568
6792,0.020000000000436557
6793,0.020000000000436557
6794,0.020000000000436557
6795,0.019999999998617568
6796,0.020000000000436557
6797,0.020000000000436557
6798,0.020000000000436557
6799,0.019999999998617568
6800,0.020000000002255547
6801,0.019999999998617568
6802,0.020000000000436557
6803,0.019999999998617568
6804,0.020000000002255547
6805,0.00999999999839929
6806,0.020000000000436557
6807,0.020000000000436557
6808,0.019999999998617568
6809,0.020000000000436557
6810,0.020000000000436557
6811,0.020000000000436557
6812,0.019999999998617568
6813,0.020000000002255547
6814,0.00999999999839929
6815,0.020000000000436557
6816,0.020000000000436557
6817,0.019999999998617568
6818,0.020000000000436557
6819,0.020000000000436557
6820,0.020000000000436557
6821,0.00999999999839929
6822,0.020000000000436557
6823,0.020000000000436557
6824,0.020000000000436557
6825,0.019999999998617568
6826,0.020000000000436557
6827,0.010000000002037268
6828,0.019999999998617568
6829,0.020000000000436557
6830,0.019999999998617568
6831,0.010000000000218279
6832,0.020000000000436557
6833,0.020000000000436557
6834,0.020000000000436557
6835,0.00999999999839929
6836,0.020000000000436557
6837,0.020000000000436557
6838,0.020000000000436557
6839,0.010000000000218279
6840,0.019999999998617568
6841,0.020000000002255547
6842,0.019999999998617568
6843,0.010000000000218279
6844,0.020000000000436557
6845,0.019999999998617568
6846,0.010000000002037268
6847,0.019999999998617568
6848,0.020000000000436557
6849,0.010000000000218279
6850,0.019999999998617568
6851,0.020000000000436557
6852,0.010000000000218279
6853,0.020000000000436557
6854,0.019999999998617568
6855,0.010000000000218279
6856,0.020000000002255547
6857,0.019999999998617568
6858,0.010000000000218279
6859,0.020000000000436557
6860,0.00999999999839929
6861,0.020000000002255547
6862,0.019999999998617568
6863,0.010000000000218279
6864,0.020000000000436557
6865,0.00999999999839929
6866,0.020000000000436557
6867,0.010000000000218279
6868,0.020000000000436557
6869,0.020000000000436557
6870,0.00999999999839929
6871,0.020000000000436557
6872,0.010000000002037268
6873,0.019999999998617568
6874,0.020000000000436557
6875,0.010000000000218279
6876,0.019999999998617568
6877,0.010000000002037268
6878,0.019999999998617568
6879,0.020000000000436557
6880,0.019999999998617568
6881,0.030000000000654836
6882,0.030000000000654836
6883,0.029999999998835847
6884,0.020000000002255547
6885,0.029999999998835847
6886,0.029999999998835847
6887,0.030000000000654836
6888,0.020000000000436557
6889,0.029999999998835847
6890,0.030000000000654836
6891,0.030000000000654836
6892,0.019999999998617568
6893,0.030000000002473826
6894,0.029999999998835847
6895,0.020000000000436557
6896,0.030000000000654836
6897,0.029999999998835847
6898,0.029999999998835847
6899,0.020000000000436557
6900,0.030000000000654836
6901,0.029999999998835847
6902,0.030000000002473826
6903,0.019999999998617568
6904,0.030000000000654836
6905,0.030000000000654836
6906,0.029999999998835847
6907,0.020000000000436557
6908,0.029999999998835847
6909,0.030000000000654836
6910,0.020000000000436557
6911,0.029999999998835847
6912,0.030000000000654836
6913,0.030000000000654836
6914,0.019999999998617568
6915,0.030000000000654836
6916,0.030000000000654836
6917,0.029999999998835847
6918,0.020000000000436557
6919,0.030000000000654836
6920,0.029999999998835847
6921,0.030000000000654836
6922,0.020000000000436557
6923,0.029999999998835847
6924,0.030000000000654836
6925,0.020000000000436557
6926,0.029999999998835847
6927,0.030000000000654836
6928,0.030000000000654836
6929,0.019999999998617568
6930,0.030000000000654836
6931,0.030000000000654836
6932,0.029999999998835847
6933,0.020000000000436557
6934,0.030000000000654836
6935,0.029999999998835847
6936,0.030000000000654836
6937,0.020000000000436557
6938,0.029999999998835847
6939,0.030000000000654836
6940,0.020000000000436557
6941,0.029999999998835847
6942,0.030000000000654836
6943,0.030000000000654836
6944,0.019999999998617568
6945,0.030000000000654836
6946,0.030000000000654836
6947,0.029999999998835847
6948,0.020000000002255547
6949,0.029999999998835847
6950,0.029999999998835847
6951,0.030000000000654836
6952,0.020000000000436557
6953,0.029999999998835847
6954,0.030000000000654836
6955,0.020000000000436557
6956,0.029999999998835847
6957,0.030000000002473826
6958,0.029999999998835847
6959,0.020000000000436557
6960,0.030000000000654836
6961,0.029999999998835847
6962,0.029999999998835847
6963,0.020000000000436557
6964,0.030000000000654836
6965,0.029999999998835847
6966,0.030000000002473826
6967,0.019999999998617568
6968,0.030000000000654836
6969,0.030000000000654836
6970,0.019999999998617568
6971,0.030000000000654836
6972,0.029999999998835847
6973,0.030000000000654836
6974,0.020000000000436557
6975,0.029999999998835847
6976,0.030000000000654836
6977,0.030000000000654836
6978,0.019999999998617568
6979,0.030000000000654836
6980,0.030000000000654836
6981,0.029999999998835847
6982,0.020000000000436557
6983,0.030000000000654836
6984,0.029999999998835847
6985,0.030000000000654836
6986,0.030000000000654836
6987,0.019999999998617568
6988,0.030000000000654836
6989,0.030000000000654836
6990,0.029999999998835847
6991,0.030000000000654836
